"id","taskInfo"
1,"[""math"",""C1"",""C10"",""C37"",""C41"",""C43"",""C47"",[""1"",""1""],false,""C79""]"
2,"[""math"",""C2"",""C10"",""C37"",""C41"",""C43"",""C47"",[""1"",""1""],false,""C79""]"
4,"[""math"",""C3"",""C10"",""C37"",""C41"",""C43"",""C47"",[""1"",""1""],false,""C79""]"
5,"[""math"",""C7"",""C35"",""C37"",""C41"",""C45"",""C48"",[""1"",""1""],false,""C79""]"
6,"[""math"",""C1"",""C8"",""C37"",""C41"",""C43"",""C47"",[""1"",""1""],false,""C79""]"
7,"[""math"",""C5"",""C18"",""C37"",""C41"",""C45"",""C47"",[""1"",""4""],false,""C79""]"
8,"[""math"",""C6"",""C18"",""C37"",""C41"",""C45"",""C47"",[""1"",""8""],false,""C79""]"
9,"[""lang"",""C49"",""C51"",""C80"",""C82"",""C76"",""C58""]"
10,"[""math"",""C6"",""C18"",""C37"",""C41"",""C45"",""C47"",[""1"",""6""],false,""C79""]"
11,"[""math"",""C1"",""C9"",""C38"",""C41"",""C43"",""C47"",[""1"",""1""],false,""C79""]"
12,"[""lang"",""C83"",""C50"",""C75"",{""C66"":[""2kl""],""C67"":[],""C85"":[],""C86"":[],""C87"":[]},""C73"",3]"
13,"[""math"",""C3"",""C13"",""C37"",""C42"",""C43"",""C47"",[""1"",""1""],false,""C79""]"
14,"[""math"",""C1"",""C14"",""C38"",""C41"",""C43"",""C48"",[""1"",""1""],false,""C79""]"
15,"[""lang"",""C49"",""C51"",""C81"",""C82"",""C76"",""C58""]"
16,"[""lang"",""C49"",""C52"",""C80"",""C82"",""C76"",""C59""]"
17,"[""math"",""C4"",""C18"",""C37"",""C41"",""C45"",""C47"",[""2"",""9""],false,""C79""]"
18,"[""math"",""C5"",""C18"",""C37"",""C41"",""C45"",""C47"",[""2"",""3""],false,""C79""]"
19,"[""math"",""C4"",""C21"",""C37"",""C41"",""C45"",""C48"",[""1"",""1""],false,""C79""]"
20,"[""math"",""C1"",""C8"",""C37"",""C42"",""C43"",""C47"",[""1"",""1""],false,""C79""]"
21,"[""math"",""C2"",""C8"",""C37"",""C42"",""C44"",""C47"",[""1"",""1""],false,""C79""]"
22,"[""math"",""C2"",""C10"",""C38"",""C41"",""C43"",""C47"",[""1"",""1""],false,""C79""]"
23,"[""math"",""C2"",""C8"",""C37"",""C42"",""C43"",""C47"",[""1"",""1""],false,""C79""]"
24,"[""lang"",""C83"",""C50"",""C75"",{""C85"":[],""C86"":[],""C87"":[],""C66"":[""2kl""],""C67"":[]},""C73"",3]"
25,"[""math"",""C5"",""C30"",""C37"",""C41"",""C45"",""C48"",[""1"",""1""],false,""C79""]"
26,"[""lang"",""C49"",""C52"",""C81"",""C82"",""C75"",""C58""]"
27,"[""lang"",""C83"",""C50"",""C75"",{""C61"":[],""C67"":[],""C68"":[]},""C73"",3]"
28,"[""lang"",""C49"",""C51"",""C80"",""C82"",""C75"",""C58""]"
29,"[""math"",""C3"",""C8"",""C37"",""C42"",""C43"",""C47"",[""1"",""1""],false,""C79""]"
30,"[""math"",""C1"",""C10"",""C37"",""C42"",""C43"",""C47"",[""1"",""1""],false,""C79""]"
31,"[""math"",""C1"",""C11"",""C37"",""C41"",""C43"",""C47"",[""1"",""1""],false,""C79""]"
32,"[""math"",""C3"",""C17"",""C38"",""C41"",""C43"",""C47"",[""1"",""1""],false,""C79""]"
33,"[""math"",""C4"",""C18"",""C37"",""C41"",""C45"",""C47"",[""1"",""10""],false,""C79""]"
34,"[""math"",""C3"",""C10"",""C37"",""C42"",""C43"",""C47"",[""1"",""1""],false,""C79""]"
35,"[""math"",""C3"",""C14"",""C37"",""C41"",""C43"",""C47"",[""1"",""1""],false,""C79""]"
36,"[""lang"",""C49"",""C51"",""C81"",""C82"",""C75"",""C58""]"
37,"[""lang"",""C49"",""C51"",""C80"",""C82"",""C75"",""C59""]"
38,"[""math"",""C5"",""C18"",""C37"",""C41"",""C45"",""C47"",[""1"",""3""],false,""C79""]"
39,"[""math"",""C4"",""C18"",""C37"",""C41"",""C45"",""C47"",[""1"",""1""],false,""C79""]"
40,"[""math"",""C4"",""C18"",""C37"",""C41"",""C45"",""C47"",[""2"",""5""],false,""C79""]"
41,"[""math"",""C5"",""C18"",""C37"",""C41"",""C45"",""C47"",[""5"",""5""],false,""C79""]"
42,"[""math"",""C5"",""C18"",""C37"",""C42"",""C46"",""C47"",[""2"",""5""],false,""C79""]"
43,"[""math"",""C4"",""C18"",""C37"",""C42"",""C45"",""C47"",[""2"",""9""],false,""C79""]"
44,"[""lang"",""C49"",""C52"",""C80"",""C82"",""C75"",""C58""]"
45,"[""math"",""C3"",""C13"",""C38"",""C41"",""C43"",""C48"",[""1"",""1""],false,""C79""]"
46,"[""math"",""C1"",""C9"",""C38"",""C42"",""C43"",""C47"",[""1"",""1""],false,""C79""]"
47,"[""math"",""C4"",""C18"",""C37"",""C41"",""C45"",""C47"",[""1"",""5""],false,""C79""]"
48,"[""math"",""C4"",""C18"",""C37"",""C41"",""C45"",""C47"",[""1"",""7""],false,""C79""]"
49,"[""math"",""C5"",""C18"",""C37"",""C41"",""C45"",""C47"",[""2"",""2""],false,""C79""]"
50,"[""math"",""C4"",""C18"",""C37"",""C41"",""C45"",""C47"",[""7"",""7""],false,""C79""]"
51,"[""math"",""C6"",""C18"",""C37"",""C41"",""C45"",""C47"",[""1"",""10""],false,""C79""]"
52,"[""math"",""C4"",""C18"",""C37"",""C41"",""C45"",""C47"",[""1"",""6""],false,""C79""]"
53,"[""math"",""C6"",""C18"",""C37"",""C41"",""C45"",""C47"",[""2"",""9""],false,""C79""]"
54,"[""math"",""C2"",""C14"",""C38"",""C41"",""C43"",""C48"",[""1"",""1""],false,""C79""]"
55,"[""math"",""C2"",""C16"",""C38"",""C41"",""C43"",""C48"",[""1"",""1""],false,""C79""]"
56,"[""math"",""C5"",""C18"",""C37"",""C41"",""C45"",""C47"",[""4"",""4""],false,""C79""]"
57,"[""math"",""C5"",""C18"",""C37"",""C41"",""C45"",""C47"",[""2"",""5""],false,""C79""]"
58,"[""math"",""C5"",""C18"",""C37"",""C41"",""C45"",""C47"",[""1"",""5""],false,""C79""]"
59,"[""math"",""C6"",""C18"",""C37"",""C41"",""C45"",""C47"",[""4"",""5""],false,""C79""]"
60,"[""math"",""C7"",""C31"",""C37"",""C41"",""C45"",""C47"",[""1"",""1""],false,""C79""]"
61,"[""lang"",""C49"",""C52"",""C80"",""C82"",""C76"",""C58""]"
62,"[""math"",""C7"",""C35"",""C37"",""C41"",""C45"",""C47"",[""1"",""1""],false,""C79""]"
63,"[""lang"",""C83"",""C50"",""C76"",{""C62"":[]},""C73"",1]"
64,"[""math"",""C1"",""C12"",""C37"",""C41"",""C43"",""C47"",[""1"",""1""],false,""C79""]"
65,"[""math"",""C6"",""C28"",""C37"",""C41"",""C45"",""C47"",[""1"",""1""],false,""C79""]"
66,"[""lang"",""C49"",""C51"",""C80"",""C82"",""C76"",""C60""]"
67,"[""math"",""C4"",""C18"",""C37"",""C41"",""C45"",""C47"",[""10"",""2""],false,""C79""]"
68,"[""math"",""C4"",""C18"",""C37"",""C41"",""C45"",""C47"",[""1"",""3""],false,""C79""]"
69,"[""math"",""C7"",""C33"",""C37"",""C41"",""C45"",""C47"",[""1"",""1""],false,""C79""]"
70,"[""math"",""C5"",""C18"",""C37"",""C42"",""C45"",""C47"",[""2"",""5""],false,""C79""]"
71,"[""math"",""C5"",""C22"",""C37"",""C41"",""C45"",""C48"",[""1"",""1""],false,""C79""]"
72,"[""math"",""C3"",""C8"",""C37"",""C41"",""C43"",""C47"",[""1"",""1""],false,""C79""]"
73,"[""lang"",""C49"",""C51"",""C80"",""C82"",""C76"",""C59""]"
74,"[""math"",""C6"",""C22"",""C37"",""C41"",""C45"",""C48"",[""1"",""1""],false,""C79""]"
75,"[""math"",""C2"",""C8"",""C37"",""C41"",""C43"",""C47"",[""1"",""1""],false,""C79""]"
76,"[""math"",""C1"",""C12"",""C37"",""C41"",""C43"",""C48"",[""1"",""1""],false,""C79""]"
77,"[""math"",""C5"",""C22"",""C37"",""C41"",""C45"",""C47"",[""1"",""1""],true,""C79""]"
78,"[""lang"",""C83"",""C50"",""C76"",{""C62"":[],""C63"":[],""C64"":[],""C65"":[],""C66"":[""4kl""],""C68"":[],""C69"":[],""C70"":[],""C71"":[],""C72"":[]},""C73"",1]"
79,"[""math"",""C4"",""C18"",""C37"",""C41"",""C45"",""C47"",[""3"",""8""],false,""C79""]"
80,"[""math"",""C3"",""C14"",""C38"",""C41"",""C43"",""C48"",[""1"",""1""],false,""C79""]"
81,"[""math"",""C4"",""C18"",""C37"",""C41"",""C45"",""C47"",[""1"",""9""],false,""C79""]"
82,"[""lang"",""C49"",""C51"",""C80"",""C82"",""C75"",""C60""]"
83,"[""math"",""C4"",""C18"",""C37"",""C41"",""C45"",""C47"",[""7"",""9""],false,""C79""]"
84,"[""math"",""C4"",""C18"",""C37"",""C41"",""C45"",""C47"",[""2"",""6""],false,""C79""]"
85,"[""math"",""C4"",""C18"",""C37"",""C41"",""C45"",""C47"",[""1"",""8""],false,""C79""]"
86,"[""lang"",""C83"",""C50"",""C76"",{""C62"":[],""C63"":[],""C64"":[],""C65"":[],""C66"":[""4kl""],""C68"":[],""C69"":[],""C70"":[],""C72"":[]},""C73"",1]"
87,"[""math"",""C1"",""C15"",""C37"",""C41"",""C43"",""C47"",[""1"",""1""],false,""C79""]"
88,"[""lang"",""C83"",""C50"",""C75"",{""C85"":[],""C86"":[],""C87"":[],""C66"":[""2kl""],""C67"":[]},""C73"",1]"
89,"[""lang"",""C83"",""C50"",""C75"",{""C85"":[]},""C73"",1]"
90,"[""math"",""C3"",""C12"",""C37"",""C42"",""C43"",""C47"",[""1"",""1""],false,""C79""]"
91,"[""math"",""C1"",""C15"",""C37"",""C41"",""C43"",""C48"",[""1"",""1""],false,""C79""]"
92,"[""math"",""C1"",""C15"",""C38"",""C41"",""C43"",""C48"",[""1"",""1""],false,""C79""]"
93,"[""math"",""C4"",""C18"",""C37"",""C41"",""C45"",""C47"",[""10"",""10""],false,""C79""]"
94,"[""math"",""C6"",""C18"",""C37"",""C42"",""C45"",""C47"",[""2"",""9""],false,""C79""]"
95,"[""math"",""C5"",""C19"",""C37"",""C41"",""C45"",""C47"",[""1"",""1""],false,""C79""]"
96,"[""lang"",""C49"",""C51"",""C80"",""C84""]"
97,"[""math"",""C5"",""C18"",""C37"",""C41"",""C45"",""C47"",[""1"",""1""],false,""C79""]"
98,"[""math"",""C1"",""C8"",""C37"",""C41"",""C43"",""C48"",[""1"",""1""],false,""C79""]"
99,"[""math"",""C4"",""C18"",""C37"",""C41"",""C45"",""C47"",[""2"",""2""],false,""C79""]"
100,"[""math"",""C5"",""C18"",""C37"",""C41"",""C45"",""C47"",[""1"",""2""],false,""C79""]"
101,"[""math"",""C3"",""C11"",""C38"",""C42"",""C43"",""C47"",[""1"",""1""],false,""C79""]"
102,"[""math"",""C1"",""C14"",""C37"",""C41"",""C43"",""C48"",[""1"",""1""],false,""C79""]"
103,"[""math"",""C3"",""C17"",""C38"",""C42"",""C43"",""C47"",[""1"",""1""],false,""C79""]"
104,"[""math"",""C1"",""C12"",""C38"",""C41"",""C43"",""C48"",[""1"",""1""],false,""C79""]"
105,"[""math"",""C5"",""C21"",""C37"",""C41"",""C45"",""C48"",[""1"",""1""],false,""C79""]"
106,"[""math"",""C4"",""C20"",""C37"",""C41"",""C45"",""C48"",[""1"",""1""],false,""C79""]"
107,"[""math"",""C1"",""C13"",""C37"",""C41"",""C43"",""C47"",[""1"",""1""],false,""C79""]"
108,"[""math"",""C2"",""C13"",""C37"",""C41"",""C43"",""C47"",[""1"",""1""],false,""C79""]"
110,"[""math"",""C5"",""C18"",""C37"",""C41"",""C45"",""C47"",[""10"",""10""],false,""C79""]"
111,"[""math"",""C4"",""C18"",""C37"",""C42"",""C45"",""C47"",[""2"",""5""],false,""C79""]"
112,"[""math"",""C4"",""C22"",""C37"",""C41"",""C45"",""C48"",[""1"",""1""],false,""C79""]"
113,"[""math"",""C1"",""C13"",""C37"",""C41"",""C43"",""C48"",[""1"",""1""],false,""C79""]"
114,"[""math"",""C4"",""C25"",""C37"",""C41"",""C45"",""C48"",[""1"",""1""],false,""C79""]"
115,"[""math"",""C6"",""C18"",""C37"",""C41"",""C45"",""C47"",[""1"",""5""],false,""C79""]"
116,"[""math"",""C1"",""C11"",""C38"",""C41"",""C43"",""C48"",[""1"",""1""],false,""C79""]"
117,"[""math"",""C7"",""C34"",""C37"",""C42"",""C45"",""C47"",[""1"",""1""],false,""C79""]"
118,"[""math"",""C4"",""C18"",""C37"",""C41"",""C45"",""C47"",[""5"",""5""],false,""C79""]"
119,"[""math"",""C3"",""C13"",""C38"",""C41"",""C43"",""C47"",[""1"",""1""],false,""C79""]"
120,"[""math"",""C4"",""C18"",""C37"",""C41"",""C45"",""C47"",[""1"",""2""],false,""C79""]"
121,"[""math"",""C4"",""C18"",""C37"",""C41"",""C45"",""C47"",[""7"",""8""],false,""C79""]"
122,"[""math"",""C4"",""C18"",""C37"",""C42"",""C45"",""C47"",[""1"",""10""],false,""C79""]"
123,"[""math"",""C1"",""C15"",""C38"",""C42"",""C43"",""C47"",[""1"",""1""],false,""C79""]"
124,"[""lang"",""C83"",""C50"",""C75"",{""C85"":[]},""C73"",3]"
125,"[""math"",""C4"",""C18"",""C37"",""C41"",""C45"",""C47"",[""9"",""9""],false,""C79""]"
126,"[""math"",""C5"",""C18"",""C37"",""C42"",""C45"",""C47"",[""1"",""5""],false,""C79""]"
127,"[""math"",""C6"",""C18"",""C37"",""C41"",""C45"",""C47"",[""1"",""1""],false,""C79""]"
128,"[""math"",""C2"",""C12"",""C37"",""C41"",""C43"",""C48"",[""1"",""1""],false,""C79""]"
129,"[""math"",""C1"",""C8"",""C38"",""C41"",""C43"",""C47"",[""1"",""1""],false,""C79""]"
130,"[""math"",""C2"",""C13"",""C37"",""C41"",""C43"",""C48"",[""1"",""1""],false,""C79""]"
132,"[""lang"",""C83"",""C50"",""C75"",{""C86"":[]},""C73"",3]"
133,"[""math"",""C5"",""C18"",""C37"",""C42"",""C46"",""C47"",[""3"",""5""],false,""C79""]"
135,"[""math"",""C1"",""C14"",""C37"",""C41"",""C43"",""C47"",[""1"",""1""],false,""C79""]"
137,"[""math"",""C3"",""C14"",""C37"",""C41"",""C43"",""C48"",[""1"",""1""],false,""C79""]"
141,"[""math"",""C1"",""C13"",""C38"",""C41"",""C43"",""C47"",[""1"",""1""],false,""C79""]"
142,"[""math"",""C4"",""C18"",""C37"",""C41"",""C45"",""C47"",[""10"",""8""],false,""C79""]"
143,"[""math"",""C4"",""C18"",""C37"",""C41"",""C45"",""C47"",[""5"",""9""],false,""C79""]"
144,"[""lang"",""C83"",""C50"",""C76"",{""C62"":[],""C63"":[],""C65"":[],""C66"":[""4kl""],""C64"":[],""C71"":[],""C72"":[],""C69"":[],""C70"":[]},""C73"",1]"
145,"[""math"",""C4"",""C18"",""C37"",""C41"",""C45"",""C47"",[""10"",""6""],false,""C79""]"
146,"[""math"",""C4"",""C18"",""C37"",""C41"",""C45"",""C47"",[""10"",""9""],false,""C79""]"
147,"[""math"",""C2"",""C12"",""C37"",""C41"",""C43"",""C47"",[""1"",""1""],false,""C79""]"
148,"[""math"",""C5"",""C18"",""C37"",""C41"",""C45"",""C47"",[""1"",""10""],false,""C79""]"
149,"[""math"",""C5"",""C18"",""C37"",""C41"",""C45"",""C47"",[""1"",""9""],false,""C79""]"
150,"[""math"",""C5"",""C18"",""C37"",""C41"",""C45"",""C47"",[""1"",""6""],false,""C79""]"
151,"[""math"",""C5"",""C18"",""C37"",""C41"",""C45"",""C47"",[""1"",""7""],false,""C79""]"
152,"[""math"",""C3"",""C14"",""C37"",""C42"",""C43"",""C47"",[""1"",""1""],false,""C79""]"
153,"[""lang"",""C83"",""C50"",""C75"",{""C67"":[]},""C73"",1]"
154,"[""math"",""C3"",""C8"",""C37"",""C41"",""C43"",""C48"",[""1"",""1""],false,""C79""]"
155,"[""lang"",""C83"",""C50"",""C75"",{""C66"":[""2kl""],""C67"":[]},""C73"",3]"
156,"[""math"",""C1"",""C10"",""C37"",""C41"",""C43"",""C48"",[""1"",""1""],false,""C79""]"
157,"[""math"",""C4"",""C19"",""C37"",""C41"",""C45"",""C48"",[""1"",""1""],false,""C79""]"
158,"[""math"",""C5"",""C18"",""C37"",""C41"",""C45"",""C47"",[""2"",""6""],false,""C79""]"
159,"[""math"",""C6"",""C18"",""C37"",""C41"",""C45"",""C47"",[""1"",""7""],false,""C79""]"
160,"[""math"",""C3"",""C11"",""C37"",""C41"",""C43"",""C47"",[""1"",""1""],false,""C79""]"
161,"[""math"",""C1"",""C14"",""C38"",""C42"",""C43"",""C47"",[""1"",""1""],false,""C79""]"
162,"[""math"",""C5"",""C18"",""C37"",""C41"",""C45"",""C47"",[""1"",""8""],false,""C79""]"
163,"[""math"",""C3"",""C15"",""C38"",""C41"",""C43"",""C48"",[""1"",""1""],false,""C79""]"
164,"[""math"",""C2"",""C13"",""C37"",""C42"",""C44"",""C47"",[""1"",""1""],false,""C79""]"
165,"[""lang"",""C83"",""C50"",""C75"",{""C85"":[],""C66"":[""2kl""],""C67"":[]},""C73"",3]"
166,"[""math"",""C6"",""C18"",""C37"",""C41"",""C45"",""C47"",[""1"",""9""],false,""C79""]"
167,"[""lang"",""C83"",""C50"",""C75"",{""C66"":[""2kl""],""C67"":[]},""C73"",1]"
168,"[""lang"",""C49"",""C52"",""C81"",""C82"",""C75"",""C60""]"
169,"[""math"",""C1"",""C11"",""C38"",""C41"",""C43"",""C47"",[""1"",""1""],false,""C79""]"
170,"[""math"",""C6"",""C18"",""C37"",""C41"",""C45"",""C47"",[""10"",""10""],false,""C79""]"
171,"[""math"",""C7"",""C34"",""C37"",""C41"",""C45"",""C48"",[""1"",""1""],false,""C79""]"
172,"[""math"",""C4"",""C18"",""C37"",""C41"",""C45"",""C47"",[""2"",""4""],false,""C79""]"
173,"[""math"",""C4"",""C18"",""C37"",""C41"",""C45"",""C47"",[""4"",""9""],false,""C79""]"
174,"[""math"",""C4"",""C18"",""C37"",""C41"",""C45"",""C47"",[""10"",""5""],false,""C79""]"
175,"[""math"",""C6"",""C18"",""C37"",""C41"",""C45"",""C47"",[""3"",""9""],false,""C79""]"
176,"[""math"",""C3"",""C13"",""C37"",""C41"",""C43"",""C47"",[""1"",""1""],false,""C79""]"
177,"[""math"",""C6"",""C18"",""C37"",""C41"",""C45"",""C47"",[""9"",""9""],false,""C79""]"
178,"[""math"",""C6"",""C18"",""C37"",""C41"",""C45"",""C47"",[""8"",""9""],false,""C79""]"
179,"[""math"",""C6"",""C18"",""C37"",""C41"",""C45"",""C47"",[""8"",""8""],false,""C79""]"
180,"[""math"",""C6"",""C18"",""C37"",""C41"",""C45"",""C47"",[""7"",""9""],false,""C79""]"
181,"[""math"",""C6"",""C18"",""C37"",""C41"",""C45"",""C47"",[""5"",""5""],false,""C79""]"
182,"[""math"",""C4"",""C18"",""C37"",""C41"",""C45"",""C47"",[1,10],false,""C79""]"
183,"[""math"",""C1"",""C8"",""C37"",""C41"",""C43"",""C47"",[1,1],false,""C79""]"
184,"[""math"",""C5"",""C18"",""C37"",""C41"",""C45"",""C47"",[3,3],false,""C79""]"
185,"[""math"",""C3"",""C10"",""C37"",""C41"",""C43"",""C47"",[1,1],false,""C79""]"
186,"[""math"",""C6"",""C18"",""C37"",""C41"",""C45"",""C47"",[9,9],false,""C79""]"
187,"[""math"",""C1"",""C10"",""C37"",""C42"",""C43"",""C47"",[1,1],false,""C79""]"
188,"[""math"",""C1"",""C10"",""C37"",""C41"",""C43"",""C47"",[1,1],false,""C79""]"
189,"[""math"",""C3"",""C17"",""C38"",""C41"",""C43"",""C47"",[1,1],false,""C79""]"
190,"[""math"",""C1"",""C9"",""C38"",""C41"",""C43"",""C47"",[1,1],false,""C79""]"
191,"[""math"",""C1"",""C11"",""C37"",""C41"",""C43"",""C47"",[1,1],false,""C79""]"
192,"[""math"",""C3"",""C11"",""C37"",""C41"",""C43"",""C47"",[1,1],false,""C79""]"
193,"[""math"",""C3"",""C10"",""C37"",""C42"",""C43"",""C47"",[1,1],false,""C79""]"
194,"[""math"",""C2"",""C10"",""C37"",""C41"",""C43"",""C47"",[1,1],false,""C79""]"
195,"[""math"",""C3"",""C8"",""C37"",""C41"",""C43"",""C47"",[1,1],false,""C79""]"
196,"[""math"",""C3"",""C8"",""C37"",""C42"",""C43"",""C47"",[1,1],false,""C79""]"
197,"[""lang"",""C49"",""C52"",""C80"",""C82"",""C75"",""C59""]"
198,"[""math"",""C6"",""C18"",""C37"",""C41"",""C45"",""C47"",[1,10],false,""C79""]"
199,"[""math"",""C1"",""C8"",""C37"",""C42"",""C43"",""C47"",[1,1],false,""C79""]"
200,"[""math"",""C1"",""C13"",""C37"",""C41"",""C43"",""C47"",[1,1],false,""C79""]"
201,"[""math"",""C4"",""C18"",""C37"",""C41"",""C45"",""C47"",[3,10],false,""C79""]"
202,"[""math"",""C3"",""C17"",""C38"",""C42"",""C43"",""C47"",[1,1],false,""C79""]"
203,"[""math"",""C6"",""C18"",""C37"",""C41"",""C45"",""C47"",[5,5],false,""C79""]"
204,"[""math"",""C6"",""C18"",""C37"",""C41"",""C45"",""C47"",[2,10],false,""C79""]"
205,"[""math"",""C4"",""C18"",""C37"",""C41"",""C45"",""C47"",[2,5],false,""C79""]"
206,"[""math"",""C4"",""C18"",""C37"",""C41"",""C45"",""C47"",[1,2],false,""C79""]"
207,"[""math"",""C7"",""C31"",""C37"",""C41"",""C45"",""C47"",[1,1],false,""C79""]"
208,"[""math"",""C4"",""C18"",""C37"",""C41"",""C45"",""C47"",[1,3],false,""C79""]"
209,"[""math"",""C4"",""C18"",""C37"",""C41"",""C45"",""C47"",[1,1],false,""C79""]"
210,"[""math"",""C4"",""C18"",""C37"",""C41"",""C45"",""C47"",[1,4],false,""C79""]"
211,"[""math"",""C4"",""C18"",""C37"",""C41"",""C45"",""C47"",[2,9],false,""C79""]"
212,"[""math"",""C4"",""C18"",""C37"",""C41"",""C45"",""C47"",[1,5],false,""C79""]"
213,"[""math"",""C4"",""C18"",""C37"",""C41"",""C45"",""C47"",[9,10],false,""C79""]"
214,"[""math"",""C6"",""C19"",""C37"",""C41"",""C45"",""C48"",[1,1],false,""C79""]"
215,"[""math"",""C6"",""C18"",""C37"",""C41"",""C45"",""C47"",[3,9],false,""C79""]"
216,"[""math"",""C5"",""C18"",""C37"",""C42"",""C46"",""C47"",[""2"",""9""],false,""C79""]"
217,"[""math"",""C5"",""C18"",""C37"",""C41"",""C45"",""C47"",[""2"",""9""],false,""C79""]"
218,"[""math"",""C5"",""C18"",""C37"",""C41"",""C45"",""C47"",[1,5],false,""C79""]"
219,"[""math"",""C6"",""C18"",""C37"",""C41"",""C45"",""C47"",[10,10],true,""C79""]"
220,"[""math"",""C6"",""C18"",""C37"",""C41"",""C45"",""C47"",[1,1],true,""C79""]"
221,"[""math"",""C3"",""C14"",""C38"",""C41"",""C43"",""C48"",[1,1],false,""C79""]"
222,"[""math"",""C4"",""C18"",""C37"",""C41"",""C45"",""C47"",[6,7],false,""C79""]"
223,"[""math"",""C6"",""C18"",""C37"",""C41"",""C45"",""C47"",[6,7],false,""C79""]"
224,"[""math"",""C5"",""C18"",""C37"",""C41"",""C45"",""C47"",[6,7],false,""C79""]"
225,"[""math"",""C5"",""C18"",""C37"",""C41"",""C45"",""C47"",[1,10],false,""C79""]"
226,"[""math"",""C7"",""C34"",""C37"",""C41"",""C45"",""C48"",[1,1],false,""C79""]"
227,"[""math"",""C2"",""C11"",""C37"",""C41"",""C43"",""C47"",[1,1],false,""C79""]"
228,"[""math"",""C3"",""C17"",""C38"",""C41"",""C43"",""C48"",[1,1],false,""C79""]"
229,"[""math"",""C4"",""C18"",""C37"",""C41"",""C45"",""C47"",[3,5],false,""C79""]"
230,"[""math"",""C4"",""C18"",""C37"",""C41"",""C45"",""C47"",[3,4],false,""C79""]"
231,"[""math"",""C4"",""C18"",""C37"",""C41"",""C45"",""C47"",[6,6],false,""C79""]"
232,"[""math"",""C4"",""C18"",""C37"",""C41"",""C45"",""C47"",[6,9],false,""C79""]"
233,"[""math"",""C6"",""C18"",""C37"",""C41"",""C45"",""C47"",[1,5],false,""C79""]"
234,"[""math"",""C3"",""C11"",""C38"",""C41"",""C43"",""C47"",[""1"",""1""],false,""C79""]"
235,"[""math"",""C6"",""C18"",""C37"",""C41"",""C45"",""C47"",[2,5],false,""C79""]"
236,"[""math"",""C5"",""C18"",""C37"",""C41"",""C45"",""C47"",[1,1],false,""C79""]"
237,"[""math"",""C4"",""C18"",""C37"",""C41"",""C45"",""C47"",[3,9],false,""C79""]"
238,"[""math"",""C5"",""C18"",""C37"",""C41"",""C45"",""C47"",[2,5],false,""C79""]"
239,"[""math"",""C3"",""C13"",""C38"",""C41"",""C43"",""C48"",[1,1],false,""C79""]"
240,"[""math"",""C3"",""C13"",""C37"",""C42"",""C43"",""C47"",[1,1],false,""C79""]"
241,"[""math"",""C7"",""C35"",""C37"",""C41"",""C45"",""C48"",[1,1],false,""C79""]"
242,"[""math"",""C7"",""C36"",""C37"",""C42"",""C45"",""C47"",[1,1],false,""C79""]"
243,"[""math"",""C2"",""C13"",""C38"",""C41"",""C43"",""C48"",[1,1],false,""C79""]"
244,"[""math"",""C5"",""C30"",""C37"",""C41"",""C45"",""C48"",[1,1],false,""C79""]"
245,"[""lang"",""C83"",""C50"",""C76"",{""C62"":[],""C63"":[],""C64"":[],""C65"":[],""C66"":[""4kl""],""C69"":[],""C70"":[],""C71"":[],""C72"":[]},""C74"",1]"
246,"[""lang"",""C83"",""C50"",""C76"",{""C62"":[],""C63"":[],""C64"":[],""C65"":[],""C66"":[""4kl""],""C69"":[],""C70"":[],""C71"":[],""C72"":[]},""C73"",1]"
247,"[""lang"",""C83"",""C50"",""C76"",{""C62"":[],""C63"":[],""C65"":[]},""C73"",1]"
248,"[""math"",""C1"",""C12"",""C37"",""C41"",""C43"",""C47"",[1,1],false,""C79""]"
249,"[""math"",""C4"",""C18"",""C37"",""C41"",""C45"",""C47"",[2,8],false,""C79""]"
250,"[""math"",""C5"",""C18"",""C37"",""C42"",""C45"",""C47"",[""2"",""9""],false,""C79""]"
251,"[""math"",""C1"",""C8"",""C38"",""C41"",""C43"",""C47"",[1,1],false,""C79""]"
252,"[""math"",""C3"",""C12"",""C37"",""C41"",""C43"",""C47"",[1,1],false,""C79""]"
253,"[""math"",""C5"",""C18"",""C37"",""C41"",""C45"",""C47"",[2,3],false,""C79""]"
254,"[""math"",""C1"",""C12"",""C37"",""C41"",""C43"",""C48"",[1,1],false,""C79""]"
255,"[""math"",""C1"",""C14"",""C37"",""C41"",""C43"",""C48"",[1,1],false,""C79""]"
256,"[""math"",""C1"",""C15"",""C37"",""C41"",""C43"",""C48"",[1,1],false,""C79""]"
257,"[""math"",""C2"",""C13"",""C37"",""C41"",""C43"",""C48"",[1,1],false,""C79""]"
258,"[""math"",""C1"",""C13"",""C37"",""C41"",""C43"",""C48"",[1,1],false,""C79""]"
259,"[""lang"",""C83"",""C50"",""C76"",{""C62"":[],""C63"":[],""C65"":[],""C66"":[""4kl""],""C64"":[],""C71"":[],""C72"":[],""C69"":[],""C70"":[]},""C74"",1]"
260,"[""lang"",""C83"",""C50"",""C75"",{""C85"":[],""C86"":[],""C87"":[]},""C73"",1]"
261,"[""math"",""C6"",""C18"",""C37"",""C41"",""C45"",""C47"",[8,8],false,""C79""]"
262,"[""math"",""C6"",""C18"",""C37"",""C41"",""C45"",""C47"",[7,7],false,""C79""]"
263,"[""math"",""C2"",""C10"",""C38"",""C42"",""C44"",""C47"",[""1"",""1""],false,""C79""]"
264,"[""math"",""C7"",""C36"",""C37"",""C41"",""C45"",""C48"",[1,1],false,""C79""]"
265,"[""math"",""C5"",""C18"",""C37"",""C41"",""C45"",""C47"",[1,6],false,""C79""]"
266,"[""math"",""C7"",""C33"",""C37"",""C41"",""C45"",""C47"",[1,1],false,""C79""]"
267,"[""math"",""C6"",""C18"",""C37"",""C41"",""C45"",""C47"",[3,3],false,""C79""]"
268,"[""math"",""C6"",""C18"",""C37"",""C41"",""C45"",""C47"",[6,6],false,""C79""]"
269,"[""math"",""C3"",""C14"",""C37"",""C41"",""C43"",""C48"",[1,1],false,""C79""]"
270,"[""math"",""C7"",""C31"",""C37"",""C41"",""C45"",""C48"",[1,1],false,""C79""]"
271,"[""math"",""C6"",""C18"",""C37"",""C41"",""C45"",""C47"",[1,1],false,""C79""]"
272,"[""math"",""C4"",""C18"",""C37"",""C41"",""C45"",""C47"",[1,6],false,""C79""]"
273,"[""math"",""C1"",""C11"",""C37"",""C41"",""C43"",""C48"",[1,1],false,""C79""]"
274,"[""math"",""C4"",""C18"",""C37"",""C41"",""C45"",""C47"",[7,7],false,""C79""]"
275,"[""math"",""C4"",""C18"",""C37"",""C41"",""C45"",""C47"",[8,8],false,""C79""]"
276,"[""math"",""C6"",""C18"",""C37"",""C41"",""C45"",""C47"",[1,9],false,""C79""]"
277,"[""math"",""C5"",""C18"",""C37"",""C41"",""C45"",""C47"",[2,9],false,""C79""]"
278,"[""math"",""C4"",""C18"",""C37"",""C41"",""C45"",""C47"",[5,10],false,""C79""]"
279,"[""math"",""C6"",""C18"",""C37"",""C41"",""C45"",""C47"",[9,10],false,""C79""]"
280,"[""math"",""C2"",""C8"",""C37"",""C41"",""C43"",""C47"",[1,1],false,""C79""]"
281,"[""math"",""C4"",""C18"",""C37"",""C41"",""C45"",""C47"",[1,9],false,""C79""]"
282,"[""math"",""C3"",""C12"",""C37"",""C41"",""C43"",""C48"",[1,1],false,""C79""]"
283,"[""math"",""C4"",""C18"",""C37"",""C41"",""C45"",""C47"",[1,7],false,""C79""]"
284,"[""math"",""C5"",""C18"",""C37"",""C41"",""C45"",""C47"",[4,5],false,""C79""]"
285,"[""math"",""C6"",""C18"",""C37"",""C41"",""C45"",""C47"",[7,8],false,""C79""]"
286,"[""math"",""C1"",""C13"",""C38"",""C42"",""C43"",""C47"",[1,1],false,""C79""]"
287,"[""math"",""C7"",""C34"",""C37"",""C42"",""C45"",""C47"",[1,1],false,""C79""]"
288,"[""math"",""C3"",""C13"",""C37"",""C41"",""C43"",""C48"",[1,1],false,""C79""]"
289,"[""math"",""C6"",""C18"",""C37"",""C41"",""C45"",""C47"",[2,9],false,""C79""]"
290,"[""math"",""C4"",""C18"",""C37"",""C41"",""C45"",""C47"",[2,6],false,""C79""]"
291,"[""math"",""C1"",""C14"",""C37"",""C41"",""C43"",""C47"",[1,1],false,""C79""]"
292,"[""math"",""C1"",""C15"",""C37"",""C41"",""C43"",""C47"",[1,1],false,""C79""]"
293,"[""lang"",""C83"",""C50"",""C76"",{""C62"":[],""C63"":[],""C64"":[],""C65"":[],""C66"":[""4kl""],""C68"":[],""C69"":[],""C70"":[],""C71"":[],""C72"":[]},""C74"",1]"
294,"[""lang"",""C83"",""C50"",""C75"",{""C67"":[]},""C73"",3]"
295,"[""lang"",""C83"",""C50"",""C75"",{""C61"":[],""C66"":[""2kl""],""C67"":[],""C68"":[]},""C73"",1]"
296,"[""lang"",""C49"",""C51"",""C81"",""C82"",""C75"",""C60""]"
297,"[""math"",""C4"",""C18"",""C37"",""C41"",""C45"",""C47"",[6,10],false,""C79""]"
298,"[""math"",""C1"",""C15"",""C38"",""C41"",""C43"",""C48"",[1,1],false,""C79""]"
299,"[""math"",""C2"",""C16"",""C38"",""C41"",""C43"",""C48"",[1,1],false,""C79""]"
300,"[""math"",""C2"",""C12"",""C37"",""C41"",""C43"",""C48"",[1,1],false,""C79""]"
301,"[""math"",""C2"",""C12"",""C38"",""C41"",""C43"",""C48"",[1,1],false,""C79""]"
303,"[""math"",""C5"",""C18"",""C37"",""C41"",""C45"",""C47"",[2,2],false,""C79""]"
304,"[""math"",""C5"",""C18"",""C37"",""C41"",""C45"",""C47"",[2,10],false,""C79""]"
305,"[""math"",""C5"",""C18"",""C37"",""C41"",""C45"",""C47"",[3,5],false,""C79""]"
306,"[""math"",""C4"",""C18"",""C37"",""C41"",""C45"",""C47"",[1,8],false,""C79""]"
307,"[""math"",""C1"",""C8"",""C37"",""C41"",""C43"",""C48"",[1,1],false,""C79""]"
308,"[""math"",""C7"",""C34"",""C37"",""C41"",""C45"",""C47"",[1,1],false,""C79""]"
309,"[""math"",""C4"",""C18"",""C37"",""C41"",""C45"",""C47"",[2,2],false,""C79""]"
310,"[""math"",""C6"",""C18"",""C37"",""C41"",""C45"",""C47"",[10,10],false,""C79""]"
311,"[""math"",""C4"",""C18"",""C37"",""C41"",""C45"",""C47"",[2,3],false,""C79""]"
312,"[""math"",""C4"",""C18"",""C37"",""C42"",""C45"",""C47"",[2,5],false,""C79""]"
313,"[""math"",""C5"",""C18"",""C37"",""C41"",""C45"",""C47"",[1,3],false,""C79""]"
314,"[""math"",""C4"",""C18"",""C37"",""C41"",""C45"",""C47"",[10,10],false,""C79""]"
315,"[""math"",""C4"",""C24"",""C37"",""C41"",""C45"",""C48"",[1,1],false,""C79""]"
316,"[""math"",""C5"",""C21"",""C37"",""C41"",""C45"",""C48"",[1,1],false,""C79""]"
317,"[""math"",""C4"",""C18"",""C37"",""C42"",""C45"",""C47"",[1,10],false,""C79""]"
318,"[""math"",""C5"",""C22"",""C37"",""C41"",""C45"",""C48"",[1,1],false,""C79""]"
319,"[""math"",""C4"",""C25"",""C37"",""C41"",""C45"",""C48"",[1,1],false,""C79""]"
320,"[""math"",""C2"",""C14"",""C37"",""C41"",""C43"",""C48"",[1,1],false,""C79""]"
321,"[""math"",""C1"",""C14"",""C38"",""C41"",""C43"",""C48"",[1,1],false,""C79""]"
322,"[""lang"",""C83"",""C50"",""C76"",{""C66"":[""4kl""],""C64"":[],""C71"":[],""C72"":[],""C69"":[],""C70"":[]},""C74"",1]"
323,"[""math"",""C4"",""C18"",""C37"",""C41"",""C45"",""C47"",[2,10],false,""C79""]"
324,"[""math"",""C4"",""C26"",""C37"",""C41"",""C45"",""C48"",[1,1],false,""C79""]"
325,"[""math"",""C2"",""C15"",""C38"",""C41"",""C43"",""C48"",[""1"",""1""],false,""C79""]"
326,"[""math"",""C2"",""C15"",""C38"",""C41"",""C43"",""C48"",[1,1],false,""C79""]"
327,"[""math"",""C4"",""C29"",""C37"",""C41"",""C45"",""C47"",[1,1],false,""C79""]"
328,"[""math"",""C5"",""C29"",""C37"",""C41"",""C45"",""C47"",[1,1],false,""C79""]"
329,"[""lang"",""C83"",""C50"",""C76"",{""C62"":[],""C63"":[],""C65"":[]},""C74"",1]"
330,"[""math"",""C5"",""C18"",""C37"",""C41"",""C45"",""C47"",[1,2],false,""C79""]"
331,"[""math"",""C5"",""C19"",""C37"",""C41"",""C45"",""C47"",[1,1],false,""C79""]"
332,"[""math"",""C4"",""C18"",""C37"",""C41"",""C45"",""C47"",[7,9],false,""C79""]"
333,"[""math"",""C2"",""C11"",""C38"",""C42"",""C43"",""C47"",[1,1],false,""C79""]"
334,"[""math"",""C6"",""C18"",""C37"",""C41"",""C45"",""C47"",[2,3],false,""C79""]"
335,"[""math"",""C3"",""C11"",""C37"",""C41"",""C43"",""C48"",[1,1],false,""C79""]"
336,"[""math"",""C4"",""C18"",""C37"",""C42"",""C45"",""C47"",[1,2],false,""C79""]"
337,"[""math"",""C4"",""C18"",""C37"",""C41"",""C45"",""C47"",[3,7],false,""C79""]"
338,"[""math"",""C4"",""C18"",""C37"",""C41"",""C45"",""C47"",[5,9],false,""C79""]"
339,"[""lang"",""C49"",""C52"",""C81"",""C82"",""C75"",""C59""]"
340,"[""math"",""C5"",""C18"",""C37"",""C41"",""C45"",""C47"",[2,7],false,""C79""]"
341,"[""math"",""C4"",""C27"",""C37"",""C42"",""C45"",""C47"",[1,1],false,""C79""]"
342,"[""math"",""C4"",""C18"",""C37"",""C41"",""C45"",""C47"",[7,10],false,""C79""]"
343,"[""math"",""C6"",""C18"",""C37"",""C42"",""C45"",""C47"",[1,1],false,""C79""]"
344,"[""math"",""C4"",""C18"",""C37"",""C41"",""C45"",""C47"",[4,5],false,""C79""]"
345,"[""lang"",""C49"",""C51"",""C81"",""C82"",""C76"",""C60""]"
346,"[""math"",""C4"",""C18"",""C37"",""C41"",""C45"",""C47"",[4,9],false,""C79""]"
347,"[""lang"",""C49"",""C52"",""C81"",""C82"",""C76"",""C60""]"
348,"[""lang"",""C83"",""C50"",""C76"",{""C66"":[""4kl""]},""C73"",1]"
349,"[""math"",""C1"",""C11"",""C38"",""C41"",""C43"",""C47"",[1,1],false,""C79""]"
350,"[""math"",""C1"",""C10"",""C37"",""C41"",""C43"",""C48"",[1,1],false,""C79""]"
352,"[""math"",""C3"",""C14"",""C37"",""C41"",""C43"",""C47"",[1,1],false,""C79""]"
353,"[""math"",""C1"",""C14"",""C38"",""C41"",""C43"",""C47"",[1,1],false,""C79""]"
354,"[""math"",""C3"",""C13"",""C38"",""C42"",""C43"",""C47"",[1,1],false,""C79""]"
355,"[""math"",""C2"",""C13"",""C38"",""C42"",""C43"",""C47"",[1,1],false,""C79""]"
357,"[""math"",""C2"",""C10"",""C38"",""C41"",""C43"",""C47"",[1,1],false,""C79""]"
358,"[""math"",""C2"",""C15"",""C37"",""C41"",""C43"",""C48"",[1,1],false,""C79""]"
359,"[""lang"",""C83"",""C50"",""C76"",{""C62"":[]},""C74"",1]"
360,"[""lang"",""C83"",""C50"",""C76"",{""C64"":[]},""C73"",1]"
361,"[""math"",""C5"",""C18"",""C37"",""C41"",""C45"",""C47"",[6,6],false,""C79""]"
362,"[""math"",""C5"",""C18"",""C37"",""C41"",""C45"",""C47"",[10,10],false,""C79""]"
363,"[""math"",""C5"",""C18"",""C37"",""C41"",""C45"",""C47"",[2,6],false,""C79""]"
364,"[""lang"",""C49"",""C52"",""C81"",""C82"",""C76"",""C58""]"
365,"[""math"",""C4"",""C18"",""C37"",""C41"",""C45"",""C47"",[8,9],false,""C79""]"
366,"[""math"",""C4"",""C28"",""C37"",""C41"",""C45"",""C47"",[""1"",""1""],false,""C79""]"
367,"[""math"",""C5"",""C28"",""C37"",""C41"",""C45"",""C47"",[""1"",""1""],false,""C79""]"
368,"[""math"",""C3"",""C15"",""C37"",""C41"",""C43"",""C48"",[1,1],false,""C79""]"
369,"[""math"",""C2"",""C14"",""C37"",""C41"",""C43"",""C47"",[1,1],false,""C79""]"
370,"[""math"",""C6"",""C18"",""C37"",""C41"",""C45"",""C47"",[2,6],false,""C79""]"
371,"[""math"",""C4"",""C23"",""C37"",""C41"",""C45"",""C48"",[1,1],false,""C79""]"
372,"[""math"",""C7"",""C31"",""C37"",""C42"",""C45"",""C47"",[1,1],false,""C79""]"
373,"[""math"",""C4"",""C18"",""C37"",""C41"",""C45"",""C47"",[3,8],false,""C79""]"
374,"[""math"",""C6"",""C18"",""C37"",""C41"",""C45"",""C47"",[1,6],false,""C79""]"
375,"[""math"",""C4"",""C18"",""C37"",""C41"",""C45"",""C47"",[5,5],false,""C79""]"
376,"[""math"",""C6"",""C18"",""C37"",""C41"",""C45"",""C47"",[2,4],false,""C79""]"
377,"[""math"",""C4"",""C28"",""C37"",""C41"",""C45"",""C47"",[1,1],false,""C79""]"
378,"[""math"",""C5"",""C18"",""C37"",""C41"",""C45"",""C47"",[3,4],false,""C79""]"
379,"[""math"",""C6"",""C18"",""C37"",""C41"",""C45"",""C47"",[1,2],false,""C79""]"
380,"[""math"",""C5"",""C18"",""C37"",""C41"",""C45"",""C47"",[1,7],false,""C79""]"
381,"[""math"",""C5"",""C18"",""C37"",""C41"",""C45"",""C47"",[1,4],false,""C79""]"
382,"[""math"",""C4"",""C18"",""C37"",""C41"",""C45"",""C47"",[9,9],false,""C79""]"
383,"[""math"",""C5"",""C18"",""C37"",""C41"",""C45"",""C47"",[1,8],false,""C79""]"
384,"[""math"",""C2"",""C10"",""C38"",""C42"",""C43"",""C47"",[""1"",""1""],false,""C79""]"
385,"[""math"",""C5"",""C19"",""C37"",""C41"",""C45"",""C48"",[1,1],false,""C79""]"
386,"[""math"",""C7"",""C33"",""C37"",""C42"",""C45"",""C47"",[1,1],false,""C79""]"
387,"[""math"",""C4"",""C19"",""C37"",""C41"",""C45"",""C48"",[1,1],false,""C79""]"
388,"[""lang"",""C83"",""C50"",""C76"",{""C69"":[],""C70"":[]},""C73"",1]"
389,"[""math"",""C5"",""C18"",""C37"",""C41"",""C45"",""C47"",[8,10],false,""C79""]"
390,"[""math"",""C7"",""C35"",""C37"",""C41"",""C45"",""C47"",[1,1],false,""C79""]"
391,"[""math"",""C5"",""C18"",""C37"",""C42"",""C45"",""C47"",[1,10],false,""C79""]"
392,"[""math"",""C6"",""C20"",""C37"",""C41"",""C45"",""C47"",[1,1],false,""C79""]"
393,"[""math"",""C4"",""C20"",""C37"",""C41"",""C45"",""C47"",[1,1],false,""C79""]"
394,"[""lang"",""C83"",""C50"",""C76"",{""C64"":[],""C66"":[""4kl""],""C71"":[]},""C73"",1]"
395,"[""math"",""C6"",""C18"",""C37"",""C41"",""C45"",""C47"",[2,7],false,""C79""]"
396,"[""lang"",""C49"",""C51"",""C81"",""C82"",""C76"",""C59""]"
397,"[""math"",""C1"",""C9"",""C38"",""C41"",""C43"",""C48"",[1,1],false,""C79""]"
398,"[""math"",""C4"",""C20"",""C37"",""C41"",""C45"",""C48"",[1,1],false,""C79""]"
399,"[""math"",""C3"",""C13"",""C37"",""C41"",""C43"",""C47"",[1,1],false,""C79""]"
400,"[""math"",""C5"",""C18"",""C37"",""C41"",""C45"",""C47"",[7,7],false,""C79""]"
401,"[""math"",""C4"",""C22"",""C37"",""C41"",""C45"",""C47"",[1,1],false,""C79""]"
402,"[""math"",""C4"",""C18"",""C37"",""C41"",""C45"",""C47"",[7,8],false,""C79""]"
403,"[""math"",""C7"",""C36"",""C37"",""C41"",""C45"",""C47"",[1,1],false,""C79""]"
404,"[""math"",""C6"",""C18"",""C37"",""C41"",""C45"",""C47"",[2,2],false,""C79""]"
405,"[""math"",""C2"",""C13"",""C37"",""C41"",""C43"",""C47"",[1,1],false,""C79""]"
406,"[""math"",""C4"",""C26"",""C37"",""C41"",""C45"",""C47"",[1,1],false,""C79""]"
407,"[""math"",""C2"",""C10"",""C37"",""C42"",""C43"",""C47"",[1,1],false,""C79""]"
408,"[""math"",""C4"",""C18"",""C37"",""C41"",""C45"",""C47"",[5,6],false,""C79""]"
409,"[""math"",""C4"",""C18"",""C37"",""C41"",""C45"",""C47"",[2,7],false,""C79""]"
410,"[""math"",""C3"",""C12"",""C38"",""C41"",""C43"",""C47"",[1,1],false,""C79""]"
411,"[""math"",""C4"",""C18"",""C37"",""C41"",""C45"",""C47"",[3,3],false,""C79""]"
412,"[""math"",""C6"",""C18"",""C37"",""C41"",""C45"",""C47"",[6,10],false,""C79""]"
413,"[""math"",""C3"",""C11"",""C38"",""C41"",""C43"",""C47"",[1,1],false,""C79""]"
414,"[""math"",""C5"",""C18"",""C37"",""C41"",""C45"",""C47"",[5,5],false,""C79""]"
415,"[""math"",""C4"",""C18"",""C37"",""C41"",""C45"",""C47"",[4,4],false,""C79""]"
416,"[""math"",""C6"",""C29"",""C37"",""C41"",""C45"",""C47"",[1,1],false,""C79""]"
417,"[""math"",""C4"",""C18"",""C37"",""C42"",""C45"",""C47"",[2,9],false,""C79""]"
418,"[""math"",""C4"",""C18"",""C37"",""C41"",""C45"",""C47"",[4,7],false,""C79""]"
419,"[""math"",""C6"",""C18"",""C37"",""C41"",""C45"",""C47"",[4,4],false,""C79""]"
420,"[""lang"",""C83"",""C50"",""C75"",{""C85"":[],""C86"":[],""C87"":[]},""C73"",3]"
421,"[""math"",""C6"",""C22"",""C37"",""C41"",""C45"",""C48"",[1,1],false,""C79""]"
422,"[""math"",""C1"",""C12"",""C38"",""C41"",""C43"",""C47"",[1,1],false,""C79""]"
423,"[""math"",""C2"",""C11"",""C38"",""C41"",""C43"",""C47"",[1,1],false,""C79""]"
424,"[""math"",""C1"",""C13"",""C38"",""C41"",""C43"",""C48"",[1,1],false,""C79""]"
425,"[""math"",""C4"",""C21"",""C37"",""C41"",""C45"",""C48"",[1,1],false,""C79""]"
426,"[""math"",""C2"",""C8"",""C37"",""C41"",""C43"",""C48"",[1,1],false,""C79""]"
427,"[""math"",""C5"",""C18"",""C37"",""C41"",""C45"",""C47"",[8,8],false,""C79""]"
428,"[""math"",""C6"",""C21"",""C37"",""C41"",""C45"",""C48"",[1,1],false,""C79""]"
429,"[""math"",""C4"",""C18"",""C37"",""C41"",""C45"",""C47"",[5,7],false,""C79""]"
430,"[""lang"",""C49"",""C52"",""C80"",""C82"",""C76"",""C60""]"
431,"[""lang"",""C83"",""C50"",""C76"",{""C69"":[],""C70"":[],""C72"":[]},""C73"",1]"
432,"[""math"",""C1"",""C15"",""C38"",""C41"",""C43"",""C47"",[1,1],false,""C79""]"
433,"[""lang"",""C49"",""C51"",""C81"",""C82"",""C75"",""C59""]"
434,"[""lang"",""C83"",""C50"",""C75"",{""C87"":[],""C66"":[""2kl""],""C67"":[]},""C73"",3]"
435,"[""math"",""C6"",""C18"",""C37"",""C41"",""C45"",""C47"",[2,8],false,""C79""]"
436,"[""math"",""C1"",""C12"",""C38"",""C41"",""C43"",""C48"",[1,1],false,""C79""]"
437,"[""math"",""C6"",""C28"",""C37"",""C41"",""C45"",""C47"",[1,1],false,""C79""]"
439,"[""math"",""C4"",""C18"",""C37"",""C42"",""C45"",""C47"",[10,10],false,""C79""]"
440,"[""math"",""C6"",""C18"",""C37"",""C41"",""C45"",""C47"",[7,10],false,""C79""]"
441,"[""math"",""C6"",""C18"",""C37"",""C41"",""C45"",""C47"",[8,10],false,""C79""]"
442,"[""math"",""C6"",""C18"",""C37"",""C41"",""C45"",""C47"",[1,3],false,""C79""]"
443,"[""math"",""C5"",""C18"",""C37"",""C41"",""C45"",""C47"",[2,8],false,""C79""]"
444,"[""math"",""C4"",""C18"",""C37"",""C42"",""C45"",""C47"",[2,8],false,""C79""]"
445,"[""math"",""C2"",""C14"",""C38"",""C41"",""C43"",""C48"",[1,1],false,""C79""]"
446,"[""math"",""C3"",""C12"",""C38"",""C41"",""C43"",""C48"",[""1"",""1""],false,""C79""]"
447,"[""math"",""C1"",""C11"",""C38"",""C41"",""C43"",""C48"",[1,1],false,""C79""]"
448,"[""math"",""C3"",""C11"",""C38"",""C41"",""C43"",""C48"",[1,1],false,""C79""]"
449,"[""math"",""C6"",""C18"",""C37"",""C41"",""C45"",""C47"",[6,8],false,""C79""]"
450,"[""math"",""C6"",""C25"",""C37"",""C41"",""C45"",""C47"",[1,1],false,""C79""]"
451,"[""math"",""C5"",""C24"",""C37"",""C41"",""C45"",""C47"",[1,1],false,""C79""]"
452,"[""math"",""C4"",""C18"",""C37"",""C41"",""C45"",""C47"",[2,4],false,""C79""]"
453,"[""math"",""C6"",""C18"",""C37"",""C42"",""C45"",""C47"",[1,10],false,""C79""]"
454,"[""lang"",""C83"",""C50"",""C76"",{""C66"":[""4kl""],""C69"":[],""C70"":[]},""C73"",1]"
455,"[""lang"",""C83"",""C50"",""C76"",{""C65"":[]},""C73"",1]"
456,"[""math"",""C6"",""C18"",""C37"",""C41"",""C45"",""C47"",[5,6],false,""C79""]"
457,"[""math"",""C5"",""C18"",""C37"",""C41"",""C45"",""C47"",[7,8],false,""C79""]"
458,"[""math"",""C5"",""C18"",""C37"",""C41"",""C45"",""C47"",[9,10],false,""C79""]"
459,"[""math"",""C1"",""C13"",""C38"",""C41"",""C43"",""C47"",[1,1],false,""C79""]"
460,"[""math"",""C6"",""C18"",""C37"",""C41"",""C45"",""C47"",[4,10],false,""C79""]"
461,"[""math"",""C5"",""C18"",""C37"",""C41"",""C45"",""C47"",[5,6],false,""C79""]"
462,"[""math"",""C3"",""C12"",""C38"",""C42"",""C43"",""C47"",[""1"",""1""],false,""C79""]"
463,"[""math"",""C3"",""C11"",""C38"",""C41"",""C43"",""C48"",[""1"",""1""],false,""C79""]"
464,"[""math"",""C6"",""C18"",""C37"",""C41"",""C45"",""C47"",[2,10],true,""C79""]"
465,"[""lang"",""C83"",""C50"",""C75"",{""C85"":[],""C86"":[],""C66"":[""2kl""],""C67"":[]},""C73"",1]"
466,"[""math"",""C3"",""C8"",""C37"",""C41"",""C43"",""C48"",[1,1],false,""C79""]"
467,"[""math"",""C4"",""C18"",""C37"",""C42"",""C45"",""C47"",[2,6],false,""C79""]"
468,"[""math"",""C6"",""C18"",""C37"",""C42"",""C45"",""C47"",[3,9],false,""C79""]"
469,"[""math"",""C4"",""C18"",""C37"",""C41"",""C45"",""C47"",[6,8],false,""C79""]"
470,"[""math"",""C4"",""C18"",""C37"",""C41"",""C45"",""C47"",[4,6],false,""C79""]"
471,"[""math"",""C1"",""C11"",""C37"",""C42"",""C43"",""C47"",[1,1],false,""C79""]"
472,"[""math"",""C5"",""C18"",""C37"",""C41"",""C45"",""C47"",[3,10],false,""C79""]"
473,"[""math"",""C3"",""C12"",""C37"",""C42"",""C43"",""C47"",[1,1],false,""C79""]"
474,"[""math"",""C4"",""C27"",""C37"",""C41"",""C45"",""C48"",[1,1],false,""C79""]"
475,"[""math"",""C6"",""C18"",""C37"",""C41"",""C45"",""C47"",[1,9],true,""C79""]"
476,"[""math"",""C2"",""C11"",""C38"",""C41"",""C43"",""C48"",[1,1],false,""C79""]"
477,"[""lang"",""C83"",""C50"",""C76"",{""C65"":[],""C66"":[""4kl""],""C69"":[],""C70"":[]},""C73"",1]"
478,"[""math"",""C6"",""C18"",""C37"",""C41"",""C45"",""C47"",[8,9],false,""C79""]"
479,"[""lang"",""C83"",""C50"",""C75"",{},""C73"",1]"
480,"[""math"",""C4"",""C18"",""C37"",""C42"",""C45"",""C47"",[1,3],false,""C79""]"
481,"[""math"",""C6"",""C18"",""C37"",""C41"",""C45"",""C47"",[3,6],false,""C79""]"
482,"[""lang"",""C83"",""C50"",""C75"",{""C85"":[],""C66"":[""2kl""],""C67"":[]},""C73"",1]"
483,"[""math"",""C5"",""C18"",""C37"",""C41"",""C45"",""C47"",[9,9],false,""C79""]"
484,"[""math"",""C5"",""C18"",""C37"",""C41"",""C45"",""C47"",[1,9],false,""C79""]"
485,"[""math"",""C1"",""C12"",""C37"",""C42"",""C43"",""C47"",[1,1],false,""C79""]"
486,"[""math"",""C3"",""C15"",""C38"",""C41"",""C43"",""C48"",[1,1],false,""C79""]"
487,"[""lang"",""C49"",""C52"",""C81"",""C82"",""C76"",""C59""]"
488,"[""math"",""C4"",""C18"",""C37"",""C41"",""C45"",""C47"",[4,8],false,""C79""]"
490,"[""math"",""C4"",""C19"",""C37"",""C41"",""C45"",""C47"",[1,1],false,""C79""]"
491,"[""lang"",""C83"",""C50"",""C76"",{""C62"":[],""C65"":[],""C66"":[""4kl""],""C64"":[],""C71"":[],""C72"":[],""C69"":[],""C70"":[]},""C73"",1]"
492,"[""lang"",""C83"",""C50"",""C75"",{""C86"":[],""C87"":[],""C66"":[""2kl""],""C67"":[]},""C73"",3]"
493,"[""math"",""C3"",""C10"",""C37"",""C41"",""C43"",""C48"",[1,1],false,""C79""]"
494,"[""lang"",""C83"",""C50"",""C75"",{""C85"":[],""C86"":[]},""C73"",3]"
495,"[""math"",""C5"",""C20"",""C37"",""C41"",""C45"",""C48"",[1,1],false,""C79""]"
496,"[""lang"",""C83"",""C50"",""C76"",{""C62"":[],""C64"":[],""C66"":[""4kl""],""C69"":[],""C70"":[],""C71"":[],""C72"":[]},""C73"",1]"
497,"[""math"",""C7"",""C33"",""C37"",""C41"",""C45"",""C48"",[1,1],false,""C79""]"
498,"[""math"",""C6"",""C18"",""C37"",""C41"",""C45"",""C47"",[1,8],false,""C79""]"
499,"[""math"",""C3"",""C14"",""C37"",""C42"",""C43"",""C47"",[1,1],false,""C79""]"
500,"[""math"",""C5"",""C18"",""C37"",""C41"",""C45"",""C47"",[4,9],false,""C79""]"
501,"[""math"",""C4"",""C18"",""C37"",""C41"",""C45"",""C47"",[5,8],false,""C79""]"
502,"[""math"",""C7"",""C32"",""C37"",""C41"",""C45"",""C47"",[1,1],false,""C79""]"
503,"[""math"",""C2"",""C10"",""C38"",""C42"",""C43"",""C47"",[1,1],false,""C79""]"
504,"[""math"",""C6"",""C18"",""C37"",""C41"",""C45"",""C47"",[3,5],false,""C79""]"
505,"[""math"",""C4"",""C18"",""C37"",""C41"",""C45"",""C47"",[8,10],false,""C79""]"
506,"[""math"",""C5"",""C18"",""C37"",""C41"",""C45"",""C47"",[4,4],false,""C79""]"
507,"[""math"",""C6"",""C18"",""C37"",""C41"",""C45"",""C47"",[1,4],false,""C79""]"
508,"[""math"",""C5"",""C18"",""C37"",""C41"",""C45"",""C47"",[""2"",""9""],true,""C79""]"
509,"[""math"",""C4"",""C18"",""C37"",""C41"",""C45"",""C47"",[4,10],false,""C79""]"
510,"[""lang"",""C83"",""C50"",""C75"",{""C85"":[],""C86"":[]},""C73"",1]"
512,"[""lang"",""C83"",""C50"",""C76"",{""C65"":[],""C69"":[],""C70"":[],""C72"":[]},""C74"",1]"
513,"[""lang"",""C49"",""C52"",""C80"",""C84""]"
514,"[""math"",""C5"",""C18"",""C37"",""C41"",""C45"",""C47"",[8,9],false,""C79""]"
515,"[""math"",""C3"",""C14"",""C38"",""C42"",""C43"",""C47"",[1,1],false,""C79""]"
516,"[""lang"",""C83"",""C50"",""C76"",{""C64"":[],""C66"":[""4kl""]},""C73"",1]"
517,"[""math"",""C3"",""C14"",""C38"",""C41"",""C43"",""C47"",[1,1],false,""C79""]"
518,"[""math"",""C5"",""C18"",""C37"",""C41"",""C45"",""C47"",[2,4],false,""C79""]"
519,"[""lang"",""C83"",""C50"",""C75"",{""C67"":[],""C85"":[]},""C73"",1]"
520,"[""math"",""C5"",""C18"",""C37"",""C41"",""C45"",""C47"",[3,9],false,""C79""]"
521,"[""math"",""C4"",""C22"",""C37"",""C41"",""C45"",""C48"",[1,1],false,""C79""]"
522,"[""math"",""C6"",""C18"",""C37"",""C41"",""C45"",""C47"",[6,9],false,""C79""]"
523,"[""lang"",""C83"",""C50"",""C76"",{""C70"":[]},""C73"",1]"
524,"[""math"",""C4"",""C23"",""C37"",""C41"",""C45"",""C47"",[1,1],false,""C79""]"
525,"[""math"",""C4"",""C26"",""C37"",""C41"",""C45"",""C48"",[""1"",""1""],false,""C79""]"
526,"[""math"",""C6"",""C18"",""C37"",""C41"",""C45"",""C47"",[5,10],false,""C79""]"
527,"[""math"",""C6"",""C18"",""C37"",""C41"",""C45"",""C47"",[3,4],false,""C79""]"
528,"[""math"",""C6"",""C18"",""C37"",""C41"",""C45"",""C47"",[1,10],true,""C79""]"
529,"[""math"",""C4"",""C18"",""C37"",""C42"",""C45"",""C47"",[9,10],false,""C79""]"
530,"[""math"",""C5"",""C18"",""C37"",""C41"",""C45"",""C47"",[6,9],false,""C79""]"
531,"[""lang"",""C83"",""C50"",""C76"",{""C62"":[],""C65"":[]},""C73"",1]"
532,"[""math"",""C7"",""C35"",""C37"",""C42"",""C45"",""C47"",[1,1],false,""C79""]"
533,"[""math"",""C5"",""C30"",""C37"",""C41"",""C45"",""C48"",[1,1],true,""C79""]"
534,"[""math"",""C5"",""C28"",""C37"",""C41"",""C45"",""C47"",[1,1],false,""C79""]"
535,"[""math"",""C5"",""C21"",""C37"",""C41"",""C45"",""C47"",[1,1],false,""C79""]"
536,"[""math"",""C4"",""C18"",""C37"",""C42"",""C45"",""C47"",[3,6],false,""C79""]"
537,"[""math"",""C4"",""C18"",""C37"",""C41"",""C45"",""C47"",[3,6],false,""C79""]"
538,"[""lang"",""C83"",""C50"",""C75"",{""C86"":[],""C66"":[""2kl""]},""C73"",3]"
539,"[""math"",""C5"",""C18"",""C37"",""C41"",""C45"",""C47"",[6,8],false,""C79""]"
540,"[""math"",""C6"",""C21"",""C37"",""C41"",""C45"",""C48"",[1,1],true,""C79""]"
541,"[""math"",""C5"",""C20"",""C37"",""C41"",""C45"",""C48"",[1,1],true,""C79""]"
544,"[""lang"",""C83"",""C50"",""C75"",{""C62"":[],""C63"":[],""C65"":[],""C66"":[""2kl""],""C64"":[],""C71"":[],""C72"":[],""C69"":[],""C70"":[]},""C73"",3]"
545,"[""math"",""C1"",""C15"",""C38"",""C42"",""C43"",""C47"",[1,1],false,""C79""]"
546,"[""math"",""C2"",""C15"",""C38"",""C42"",""C43"",""C47"",[1,1],false,""C79""]"
547,"[""math"",""C5"",""C22"",""C37"",""C41"",""C45"",""C47"",[1,1],false,""C79""]"
548,"[""lang"",""C83"",""C50"",""C76"",{""C62"":[],""C64"":[],""C66"":[""4kl""],""C69"":[],""C70"":[],""C71"":[],""C72"":[]},""C74"",1]"
549,"[""lang"",""C83"",""C50"",""C76"",{""C65"":[],""C72"":[]},""C73"",1]"
550,"[""math"",""C6"",""C18"",""C37"",""C41"",""C45"",""C47"",[5,8],false,""C79""]"
551,"[""math"",""C5"",""C19"",""C37"",""C41"",""C45"",""C47"",[1,1],true,""C79""]"
552,"[""math"",""C2"",""C15"",""C38"",""C41"",""C43"",""C47"",[1,1],false,""C79""]"
553,"[""math"",""C2"",""C15"",""C37"",""C41"",""C43"",""C47"",[1,1],false,""C79""]"
554,"[""math"",""C5"",""C20"",""C37"",""C41"",""C45"",""C48"",[""1"",""1""],false,""C79""]"
555,"[""lang"",""C83"",""C50"",""C75"",{""C86"":[],""C66"":[""2kl""],""C67"":[]},""C73"",3]"
556,"[""math"",""C4"",""C18"",""C37"",""C42"",""C45"",""C47"",[1,6],false,""C79""]"
557,"[""math"",""C1"",""C13"",""C37"",""C42"",""C43"",""C47"",[1,1],false,""C79""]"
558,"[""math"",""C5"",""C22"",""C37"",""C41"",""C45"",""C48"",[""1"",""1""],true,""C79""]"
559,"[""math"",""C3"",""C15"",""C38"",""C42"",""C43"",""C47"",[1,1],false,""C79""]"
560,"[""math"",""C5"",""C18"",""C37"",""C41"",""C45"",""C47"",[1,1],true,""C79""]"
561,"[""math"",""C6"",""C18"",""C37"",""C42"",""C45"",""C47"",[5,10],false,""C79""]"
562,"[""math"",""C2"",""C8"",""C37"",""C41"",""C43"",""C48"",[""1"",""1""],false,""C79""]"
563,"[""math"",""C4"",""C18"",""C37"",""C42"",""C45"",""C47"",[1,1],false,""C79""]"
564,"[""math"",""C3"",""C11"",""C38"",""C42"",""C43"",""C47"",[1,1],false,""C79""]"
565,"[""math"",""C3"",""C11"",""C37"",""C42"",""C43"",""C47"",[1,1],false,""C79""]"
566,"[""math"",""C6"",""C18"",""C37"",""C42"",""C45"",""C47"",[9,10],false,""C79""]"
567,"[""math"",""C4"",""C18"",""C37"",""C42"",""C45"",""C47"",[1,5],false,""C79""]"
568,"[""math"",""C5"",""C18"",""C37"",""C41"",""C45"",""C47"",[1,10],true,""C79""]"
569,"[""math"",""C6"",""C18"",""C37"",""C41"",""C45"",""C47"",[7,9],false,""C79""]"
570,"[""math"",""C5"",""C18"",""C37"",""C41"",""C45"",""C47"",[3,8],false,""C79""]"
571,"[""lang"",""C83"",""C50"",""C76"",{""C65"":[],""C71"":[]},""C74"",1]"
572,"[""math"",""C5"",""C24"",""C37"",""C41"",""C45"",""C48"",[1,1],false,""C79""]"
573,"[""math"",""C6"",""C18"",""C37"",""C41"",""C45"",""C47"",[1,7],false,""C79""]"
574,"[""math"",""C1"",""C14"",""C38"",""C42"",""C43"",""C47"",[1,1],false,""C79""]"
575,"[""math"",""C4"",""C27"",""C37"",""C41"",""C45"",""C47"",[1,1],false,""C79""]"
576,"[""math"",""C4"",""C25"",""C37"",""C41"",""C45"",""C47"",[1,1],false,""C79""]"
577,"[""lang"",""C83"",""C50"",""C75"",{""C66"":[""2kl""],""C67"":[],""C85"":[],""C86"":[],""C87"":[]},""C73"",1]"
578,"[""math"",""C5"",""C18"",""C37"",""C41"",""C45"",""C47"",[7,10],false,""C79""]"
579,"[""math"",""C5"",""C18"",""C37"",""C41"",""C45"",""C47"",[10,10],true,""C79""]"
580,"[""math"",""C5"",""C18"",""C37"",""C41"",""C45"",""C47"",[5,5],true,""C79""]"
581,"[""lang"",""C83"",""C50"",""C76"",{""C62"":[],""C63"":[],""C65"":[],""C66"":[""4kl""],""C64"":[],""C71"":[],""C72"":[],""C70"":[]},""C74"",1]"
582,"[""lang"",""C83"",""C50"",""C75"",{""C85"":[],""C86"":[],""C87"":[],""C67"":[]},""C73"",3]"
583,"[""math"",""C2"",""C10"",""C38"",""C41"",""C43"",""C48"",[1,1],false,""C79""]"
584,"[""math"",""C6"",""C18"",""C37"",""C41"",""C45"",""C47"",[4,9],false,""C79""]"
585,"[""lang"",""C83"",""C50"",""C75"",{""C85"":[],""C86"":[],""C87"":[],""C67"":[]},""C73"",1]"
586,"[""math"",""C6"",""C18"",""C37"",""C42"",""C45"",""C47"",[2,2],false,""C79""]"
587,"[""lang"",""C49"",""C52"",""C81"",""C84""]"
588,"[""math"",""C5"",""C18"",""C37"",""C41"",""C45"",""C47"",[5,9],false,""C79""]"
589,"[""lang"",""C83"",""C50"",""C76"",{""C62"":[],""C66"":[""4kl""],""C64"":[],""C71"":[],""C72"":[],""C69"":[],""C70"":[]},""C74"",1]"
590,"[""math"",""C7"",""C32"",""C37"",""C42"",""C45"",""C47"",[1,1],false,""C79""]"
591,"[""math"",""C5"",""C29"",""C37"",""C41"",""C45"",""C47"",[1,1],true,""C79""]"
592,"[""math"",""C1"",""C14"",""C37"",""C42"",""C43"",""C47"",[1,1],false,""C79""]"
593,"[""math"",""C1"",""C9"",""C38"",""C42"",""C43"",""C47"",[1,1],false,""C79""]"
594,"[""math"",""C6"",""C18"",""C37"",""C41"",""C45"",""C47"",[3,10],false,""C79""]"
595,"[""lang"",""C83"",""C50"",""C75"",{""C86"":[]},""C73"",1]"
596,"[""lang"",""C83"",""C50"",""C76"",{""C65"":[],""C66"":[""4kl""],""C64"":[],""C72"":[],""C69"":[],""C70"":[]},""C73"",1]"
597,"[""lang"",""C83"",""C50"",""C75"",{""C85"":[],""C86"":[],""C87"":[],""C66"":[""2kl""],""C67"":[]},""C74"",3]"
598,"[""math"",""C6"",""C26"",""C37"",""C41"",""C45"",""C48"",[1,1],false,""C79""]"
599,"[""math"",""C2"",""C11"",""C37"",""C41"",""C43"",""C48"",[1,1],false,""C79""]"
600,"[""math"",""C2"",""C13"",""C37"",""C42"",""C43"",""C47"",[1,1],false,""C79""]"
601,"[""lang"",""C49"",""C51"",""C81"",""C84""]"
602,"[""math"",""C4"",""C18"",""C37"",""C42"",""C45"",""C47"",[9,9],false,""C79""]"
603,"[""lang"",""C83"",""C50"",""C76"",{""C72"":[]},""C73"",1]"
604,"[""math"",""C4"",""C18"",""C37"",""C42"",""C45"",""C47"",[7,10],false,""C79""]"
605,"[""math"",""C5"",""C22"",""C37"",""C41"",""C45"",""C47"",[1,1],true,""C79""]"
606,"[""lang"",""C83"",""C50"",""C76"",{""C67"":[]},""C73"",1]"
607,"[""math"",""C4"",""C18"",""C37"",""C42"",""C45"",""C47"",[5,10],false,""C79""]"
608,"[""math"",""C5"",""C18"",""C37"",""C41"",""C45"",""C47"",[7,9],false,""C79""]"
609,"[""math"",""C7"",""C32"",""C37"",""C41"",""C45"",""C48"",[1,1],false,""C79""]"
610,"[""math"",""C5"",""C18"",""C37"",""C41"",""C45"",""C47"",[6,10],false,""C79""]"
611,"[""math"",""C6"",""C18"",""C37"",""C41"",""C45"",""C47"",[5,7],false,""C79""]"
612,"[""math"",""C4"",""C18"",""C37"",""C42"",""C45"",""C47"",[5,5],false,""C79""]"
613,"[""lang"",""C83"",""C50"",""C76"",{""C62"":[],""C63"":[],""C65"":[],""C66"":[""4kl""],""C64"":[]},""C73"",1]"
614,"[""math"",""C2"",""C10"",""C37"",""C42"",""C44"",""C47"",[1,1],false,""C79""]"
615,"[""lang"",""C83"",""C50"",""C75"",{""C86"":[],""C87"":[],""C66"":[""2kl""]},""C73"",3]"
616,"[""math"",""C4"",""C21"",""C37"",""C41"",""C45"",""C47"",[1,1],false,""C79""]"
617,"[""lang"",""C83"",""C50"",""C76"",{""C63"":[],""C64"":[],""C66"":[""4kl""],""C71"":[]},""C74"",1]"
618,"[""math"",""C3"",""C12"",""C38"",""C42"",""C43"",""C47"",[1,1],false,""C79""]"
619,"[""lang"",""C83"",""C50"",""C76"",{""C63"":[]},""C73"",1]"
620,"[""lang"",""C83"",""C50"",""C76"",{""C62"":[],""C65"":[]},""C74"",1]"
621,"[""lang"",""C83"",""C50"",""C76"",{""C62"":[],""C65"":[],""C66"":[""4kl""],""C69"":[],""C70"":[],""C71"":[],""C72"":[]},""C74"",1]"
622,"[""math"",""C5"",""C22"",""C37"",""C41"",""C45"",""C48"",[1,1],true,""C79""]"
623,"[""lang"",""C83"",""C50"",""C75"",{""C66"":[""2kl""]},""C73"",3]"
624,"[""math"",""C6"",""C20"",""C37"",""C41"",""C45"",""C48"",[1,1],false,""C79""]"
625,"[""math"",""C5"",""C18"",""C37"",""C41"",""C45"",""C47"",[7,10],true,""C79""]"
626,"[""lang"",""C83"",""C50"",""C76"",{""C66"":[""4kl""],""C64"":[],""C71"":[],""C72"":[],""C69"":[],""C70"":[]},""C73"",1]"
627,"[""math"",""C3"",""C12"",""C38"",""C41"",""C43"",""C48"",[1,1],false,""C79""]"
628,"[""lang"",""C83"",""C50"",""C76"",{""C62"":[],""C66"":[""4kl""],""C64"":[]},""C73"",1]"
629,"[""math"",""C6"",""C18"",""C37"",""C42"",""C45"",""C47"",[8,10],false,""C79""]"
630,"[""math"",""C1"",""C8"",""C38"",""C41"",""C43"",""C48"",[1,1],false,""C79""]"
631,"[""math"",""C6"",""C24"",""C37"",""C41"",""C45"",""C48"",[1,1],false,""C79""]"
632,"[""math"",""C6"",""C27"",""C37"",""C41"",""C45"",""C47"",[1,1],false,""C79""]"
633,"[""lang"",""C83"",""C50"",""C76"",{""C62"":[],""C63"":[],""C65"":[],""C66"":[""4kl""],""C64"":[],""C69"":[],""C70"":[]},""C73"",1]"
634,"[""math"",""C5"",""C18"",""C37"",""C42"",""C45"",""C47"",[1,5],false,""C79""]"
635,"[""math"",""C1"",""C11"",""C38"",""C42"",""C43"",""C47"",[1,1],false,""C79""]"
636,"[""math"",""C5"",""C18"",""C37"",""C42"",""C46"",""C47"",[1,1],false,""C79""]"
637,"[""lang"",""C83"",""C50"",""C76"",{""C62"":[],""C65"":[],""C66"":[""4kl""],""C72"":[]},""C73"",1]"
638,"[""math"",""C5"",""C18"",""C37"",""C42"",""C46"",""C47"",[1,10],false,""C79""]"
639,"[""math"",""C5"",""C18"",""C37"",""C41"",""C45"",""C47"",[3,6],false,""C79""]"
640,"[""lang"",""C83"",""C50"",""C76"",{""C62"":[],""C63"":[],""C65"":[],""C64"":[]},""C73"",1]"
641,"[""math"",""C2"",""C15"",""C38"",""C42"",""C44"",""C47"",[1,1],false,""C79""]"
642,"[""math"",""C4"",""C19"",""C37"",""C42"",""C45"",""C47"",[1,1],false,""C79""]"
643,"[""math"",""C5"",""C19"",""C37"",""C42"",""C45"",""C47"",[1,1],false,""C79""]"
644,"[""lang"",""C83"",""C50"",""C76"",{""C66"":[""4kl""]},""C74"",1]"
645,"[""lang"",""C83"",""C50"",""C76"",{""C62"":[],""C71"":[]},""C73"",1]"
646,"[""lang"",""C83"",""C50"",""C76"",{""C64"":[],""C71"":[]},""C73"",1]"
647,"[""math"",""C6"",""C18"",""C37"",""C42"",""C45"",""C47"",[1,9],false,""C79""]"
648,"[""math"",""C4"",""C18"",""C37"",""C42"",""C45"",""C47"",[1,9],false,""C79""]"
649,"[""lang"",""C83"",""C50"",""C76"",{""C63"":[]},""C74"",1]"
650,"[""lang"",""C83"",""C50"",""C76"",{""C62"":[],""C63"":[],""C65"":[],""C69"":[],""C70"":[],""C71"":[],""C72"":[]},""C74"",1]"
651,"[""math"",""C5"",""C18"",""C37"",""C41"",""C45"",""C47"",[4,10],false,""C79""]"
652,"[""math"",""C6"",""C29"",""C37"",""C42"",""C45"",""C47"",[1,1],false,""C79""]"
653,"[""math"",""C2"",""C12"",""C37"",""C41"",""C43"",""C47"",[1,1],false,""C79""]"
654,"[""lang"",""C83"",""C50"",""C76"",{""C62"":[],""C63"":[]},""C73"",1]"
655,"[""lang"",""C83"",""C50"",""C76"",{""C62"":[],""C63"":[]},""C74"",1]"
656,"[""lang"",""C83"",""C50"",""C76"",{""C62"":[],""C65"":[],""C66"":[""4kl""]},""C73"",1]"
657,"[""lang"",""C83"",""C50"",""C75"",{""C85"":[],""C86"":[],""C87"":[],""C66"":[""2kl""]},""C73"",3]"
658,"[""math"",""C2"",""C8"",""C37"",""C42"",""C43"",""C47"",[1,1],false,""C79""]"
659,"[""math"",""C6"",""C19"",""C37"",""C41"",""C45"",""C47"",[1,1],false,""C79""]"
660,"[""lang"",""C83"",""C50"",""C76"",{""C65"":[]},""C74"",1]"
661,"[""math"",""C4"",""C18"",""C37"",""C42"",""C45"",""C47"",[4,4],false,""C79""]"
662,"[""math"",""C5"",""C18"",""C37"",""C41"",""C45"",""C47"",[5,10],false,""C79""]"
663,"[""math"",""C6"",""C18"",""C37"",""C41"",""C45"",""C47"",[9,9],true,""C79""]"
664,"[""math"",""C4"",""C24"",""C37"",""C42"",""C45"",""C47"",[1,1],false,""C79""]"
665,"[""math"",""C5"",""C18"",""C37"",""C41"",""C45"",""C47"",[3,7],false,""C79""]"
666,"[""math"",""C1"",""C18"",""C37"",""C41"",""C45"",""C47"",[2,9],false,""C79""]"
667,"[""lang"",""C83"",""C50"",""C75"",{""C62"":[],""C63"":[],""C65"":[],""C66"":[""2kl""],""C64"":[],""C71"":[],""C72"":[],""C69"":[],""C70"":[]},""C73"",1]"
668,"[""lang"",""C83"",""C50"",""C76"",{""C63"":[],""C66"":[""4kl""],""C72"":[],""C69"":[],""C70"":[]},""C73"",1]"
669,"[""math"",""C3"",""C13"",""C38"",""C41"",""C43"",""C47"",[1,1],false,""C79""]"
670,"[""lang"",""C83"",""C50"",""C75"",{""C86"":[],""C87"":[],""C66"":[""2kl""],""C67"":[]},""C73"",1]"
671,"[""lang"",""C83"",""C50"",""C76"",{""C65"":[],""C70"":[]},""C73"",1]"
672,"[""lang"",""C83"",""C50"",""C76"",{""C62"":[],""C65"":[],""C64"":[]},""C73"",1]"
673,"[""lang"",""C83"",""C50"",""C76"",{""C62"":[],""C65"":[],""C66"":[""4kl""],""C69"":[],""C70"":[],""C71"":[],""C72"":[]},""C73"",1]"
674,"[""math"",""C2"",""C14"",""C38"",""C41"",""C43"",""C47"",[1,1],false,""C79""]"
675,"[""lang"",""C83"",""C50"",""C76"",{""C63"":[],""C66"":[""4kl""],""C64"":[],""C71"":[],""C72"":[],""C69"":[],""C70"":[]},""C74"",1]"
676,"[""math"",""C6"",""C24"",""C37"",""C41"",""C45"",""C47"",[1,1],false,""C79""]"
677,"[""lang"",""C83"",""C50"",""C76"",{""C63"":[],""C66"":[""4kl""],""C64"":[],""C71"":[],""C72"":[],""C69"":[],""C70"":[]},""C73"",1]"
678,"[""lang"",""C83"",""C50"",""C75"",{""C85"":[],""C67"":[]},""C73"",3]"
679,"[""math"",""C6"",""C18"",""C37"",""C42"",""C45"",""C47"",[2,10],false,""C79""]"
680,"[""math"",""C5"",""C18"",""C37"",""C42"",""C45"",""C47"",[2,10],false,""C79""]"
681,"[""math"",""C4"",""C18"",""C37"",""C42"",""C45"",""C47"",[2,10],false,""C79""]"
682,"[""math"",""C6"",""C22"",""C37"",""C41"",""C45"",""C47"",[1,1],false,""C79""]"
683,"[""lang"",""C83"",""C50"",""C75"",{""C85"":[],""C87"":[],""C66"":[""2kl""],""C67"":[]},""C73"",3]"
684,"[""math"",""C5"",""C18"",""C37"",""C41"",""C45"",""C47"",[4,8],false,""C79""]"
685,"[""lang"",""C83"",""C50"",""C76"",{""C65"":[],""C69"":[]},""C73"",1]"
686,"[""lang"",""C83"",""C50"",""C76"",{""C62"":[],""C65"":[],""C69"":[],""C70"":[]},""C73"",1]"
687,"[""lang"",""C83"",""C50"",""C76"",{""C66"":[""4kl""],""C72"":[],""C69"":[],""C70"":[]},""C73"",1]"
688,"[""math"",""C3"",""C15"",""C38"",""C41"",""C43"",""C47"",[1,1],false,""C79""]"
689,"[""lang"",""C83"",""C50"",""C76"",{""C71"":[]},""C73"",1]"
690,"[""math"",""C5"",""C18"",""C37"",""C42"",""C45"",""C47"",[1,2],false,""C79""]"
691,"[""lang"",""C83"",""C50"",""C76"",{""C64"":[],""C65"":[],""C66"":[""4kl""],""C69"":[],""C70"":[],""C71"":[],""C72"":[]},""C73"",1]"
692,"[""math"",""C5"",""C25"",""C37"",""C41"",""C45"",""C48"",[1,1],true,""C79""]"
693,"[""math"",""C4"",""C20"",""C37"",""C42"",""C45"",""C47"",[1,1],false,""C79""]"
694,"[""lang"",""C83"",""C50"",""C76"",{""C64"":[],""C66"":[""4kl""],""C69"":[],""C70"":[],""C71"":[],""C72"":[]},""C74"",1]"
695,"[""math"",""C2"",""C12"",""C37"",""C41"",""C44"",""C47"",[1,1],false,""C79""]"
696,"[""math"",""C5"",""C25"",""C37"",""C41"",""C45"",""C47"",[1,1],false,""C79""]"
697,"[""lang"",""C83"",""C50"",""C76"",{""C64"":[]},""C74"",1]"
698,"[""math"",""C5"",""C18"",""C37"",""C41"",""C45"",""C47"",[1,5],true,""C79""]"
699,"[""math"",""C6"",""C18"",""C37"",""C41"",""C45"",""C47"",[2,3],true,""C79""]"
700,"[""math"",""C4"",""C23"",""C37"",""C42"",""C45"",""C47"",[1,1],false,""C79""]"
701,"[""math"",""C4"",""C18"",""C37"",""C42"",""C45"",""C47"",[8,9],false,""C79""]"
702,"[""math"",""C6"",""C18"",""C37"",""C41"",""C45"",""C47"",[4,8],false,""C79""]"
703,"[""math"",""C5"",""C26"",""C37"",""C41"",""C45"",""C48"",[1,1],false,""C79""]"
704,"[""lang"",""C83"",""C50"",""C76"",{""C62"":[],""C63"":[],""C65"":[],""C69"":[],""C70"":[],""C71"":[]},""C73"",1]"
705,"[""lang"",""C83"",""C50"",""C76"",{""C62"":[],""C63"":[],""C66"":[""4kl""],""C69"":[],""C70"":[]},""C73"",1]"
706,"[""lang"",""C83"",""C50"",""C76"",{""C62"":[],""C63"":[],""C65"":[],""C69"":[],""C70"":[]},""C73"",1]"
707,"[""lang"",""C83"",""C50"",""C76"",{""C65"":[],""C69"":[],""C70"":[],""C71"":[],""C72"":[]},""C73"",1]"
708,"[""math"",""C5"",""C25"",""C37"",""C41"",""C45"",""C48"",[1,1],false,""C79""]"
709,"[""math"",""C5"",""C18"",""C37"",""C41"",""C45"",""C47"",[1,3],true,""C79""]"
710,"[""math"",""C6"",""C19"",""C37"",""C41"",""C45"",""C48"",[1,1],true,""C79""]"
743,"[""math"",""C5"",""C19"",""C37"",""C41"",""C46"",""C47"",[1,1],false,""C79""]"
744,"[""math"",""C6"",""C25"",""C37"",""C41"",""C45"",""C48"",[1,1],false,""C79""]"
745,"[""lang"",""C83"",""C50"",""C76"",{""C62"":[],""C65"":[],""C66"":[""4kl""],""C72"":[]},""C74"",1]"
746,"[""lang"",""C83"",""C50"",""C75"",{""C66"":[""2kl""]},""C73"",1]"
747,"[""math"",""C1"",""C15"",""C37"",""C42"",""C43"",""C47"",[1,1],false,""C79""]"
748,"[""lang"",""C83"",""C50"",""C76"",{""C62"":[],""C66"":[""4kl""],""C64"":[],""C71"":[],""C72"":[],""C69"":[],""C70"":[]},""C73"",1]"
749,"[""math"",""C4"",""C24"",""C37"",""C41"",""C45"",""C47"",[1,1],false,""C79""]"
750,"[""lang"",""C83"",""C50"",""C76"",{""C62"":[],""C65"":[],""C66"":[""4kl""],""C69"":[],""C70"":[]},""C73"",1]"
751,"[""math"",""C5"",""C18"",""C37"",""C41"",""C45"",""C47"",[6,6],true,""C79""]"
752,"[""lang"",""C83"",""C50"",""C76"",{""C62"":[],""C63"":[],""C65"":[],""C66"":[""4kl""],""C64"":[],""C72"":[],""C69"":[]},""C73"",1]"
753,"[""math"",""C6"",""C19"",""C37"",""C42"",""C45"",""C47"",[1,1],false,""C79""]"
754,"[""lang"",""C83"",""C50"",""C76"",{""C62"":[],""C65"":[],""C71"":[],""C72"":[],""C69"":[],""C70"":[]},""C73"",1]"
755,"[""lang"",""C83"",""C50"",""C75"",{""C67"":[],""C85"":[],""C86"":[],""C87"":[]},""C73"",1]"
756,"[""lang"",""C83"",""C50"",""C76"",{""C66"":[""4kl""],""C64"":[]},""C73"",1]"
757,"[""lang"",""C83"",""C50"",""C75"",{""C67"":[],""C85"":[],""C86"":[]},""C73"",1]"
758,"[""lang"",""C83"",""C50"",""C76"",{""C66"":[""4kl""],""C64"":[],""C69"":[],""C70"":[]},""C73"",1]"
759,"[""lang"",""C83"",""C50"",""C75"",{""C85"":[],""C86"":[],""C66"":[""2kl""]},""C73"",3]"
760,"[""math"",""C5"",""C19"",""C37"",""C41"",""C45"",""C48"",[1,1],true,""C79""]"
761,"[""lang"",""C83"",""C50"",""C76"",{""C62"":[],""C63"":[],""C64"":[],""C65"":[],""C66"":[""4kl""],""C69"":[],""C70"":[]},""C73"",1]"
762,"[""lang"",""C83"",""C50"",""C76"",{""C62"":[],""C63"":[],""C65"":[],""C66"":[""4kl""]},""C74"",1]"
763,"[""lang"",""C83"",""C50"",""C75"",{""C67"":[],""C85"":[],""C87"":[]},""C73"",1]"
764,"[""lang"",""C83"",""C50"",""C76"",{""C65"":[],""C69"":[],""C70"":[],""C71"":[],""C72"":[]},""C74"",1]"
765,"[""lang"",""C83"",""C50"",""C76"",{""C63"":[],""C64"":[],""C66"":[""4kl""]},""C74"",1]"
766,"[""math"",""C2"",""C14"",""C38"",""C42"",""C44"",""C47"",[1,1],false,""C79""]"
767,"[""math"",""C4"",""C26"",""C37"",""C42"",""C45"",""C47"",[1,1],false,""C79""]"
768,"[""math"",""C5"",""C26"",""C37"",""C42"",""C46"",""C47"",[1,1],false,""C79""]"
769,"[""lang"",""C83"",""C50"",""C76"",{""C62"":[],""C66"":[""4kl""]},""C74"",1]"
770,"[""math"",""C5"",""C24"",""C37"",""C41"",""C45"",""C48"",[1,1],true,""C79""]"
771,"[""math"",""C6"",""C18"",""C37"",""C41"",""C45"",""C47"",[9,10],true,""C79""]"
772,"[""math"",""C2"",""C12"",""C38"",""C41"",""C43"",""C47"",[1,1],false,""C79""]"
773,"[""lang"",""C83"",""C50"",""C75"",{""C66"":[""2kl""],""C85"":[],""C86"":[],""C87"":[]},""C73"",3]"
774,"[""math"",""C4"",""C25"",""C37"",""C42"",""C45"",""C47"",[1,1],false,""C79""]"
775,"[""math"",""C5"",""C30"",""C37"",""C41"",""C45"",""C47"",[1,1],false,""C79""]"
776,"[""lang"",""C83"",""C50"",""C76"",{""C62"":[],""C64"":[],""C65"":[],""C66"":[""4kl""],""C69"":[],""C70"":[],""C71"":[],""C72"":[]},""C73"",1]"
777,"[""math"",""C5"",""C28"",""C37"",""C42"",""C45"",""C47"",[1,1],false,""C79""]"
778,"[""math"",""C4"",""C18"",""C37"",""C42"",""C45"",""C47"",[5,8],false,""C79""]"
779,"[""math"",""C5"",""C27"",""C37"",""C41"",""C45"",""C48"",[1,1],true,""C79""]"
780,"[""math"",""C2"",""C16"",""C38"",""C41"",""C43"",""C47"",[1,1],false,""C79""]"
781,"[""math"",""C5"",""C18"",""C37"",""C42"",""C45"",""C47"",[1,9],false,""C79""]"
782,"[""lang"",""C83"",""C50"",""C76"",{""C62"":[],""C63"":[],""C64"":[],""C66"":[""4kl""],""C69"":[],""C70"":[],""C71"":[],""C72"":[]},""C73"",1]"
783,"[""math"",""C2"",""C14"",""C38"",""C42"",""C43"",""C47"",[1,1],false,""C79""]"
784,"[""math"",""C4"",""C21"",""C37"",""C42"",""C45"",""C47"",[1,1],false,""C79""]"
785,"[""math"",""C5"",""C21"",""C37"",""C42"",""C45"",""C47"",[1,1],false,""C79""]"
786,"[""lang"",""C83"",""C50"",""C75"",{""C66"":[""2kl""],""C67"":[],""C85"":[],""C87"":[]},""C73"",3]"
787,"[""lang"",""C83"",""C50"",""C75"",{""C85"":[],""C67"":[]},""C73"",1]"
788,"[""math"",""C2"",""C10"",""C37"",""C41"",""C43"",""C48"",[1,1],false,""C79""]"
789,"[""lang"",""C83"",""C50"",""C76"",{""C63"":[],""C66"":[""4kl""],""C71"":[],""C72"":[],""C69"":[],""C70"":[]},""C74"",1]"
791,"[""math"",""C4"",""C18"",""C37"",""C42"",""C45"",""C47"",[5,6],false,""C79""]"
792,"[""math"",""C4"",""C18"",""C37"",""C42"",""C45"",""C47"",[3,10],false,""C79""]"
793,"[""lang"",""C83"",""C50"",""C76"",{""C67"":[]},""C74"",1]"
794,"[""math"",""C1"",""C12"",""C38"",""C42"",""C43"",""C47"",[1,1],false,""C79""]"
795,"[""math"",""C6"",""C18"",""C37"",""C41"",""C45"",""C47"",[5,9],false,""C79""]"
796,"[""lang"",""C83"",""C50"",""C76"",{""C63"":[],""C64"":[],""C66"":[""4kl""],""C69"":[],""C70"":[],""C71"":[],""C72"":[]},""C73"",1]"
797,"[""math"",""C2"",""C11"",""C37"",""C42"",""C43"",""C47"",[1,1],false,""C79""]"
798,"[""math"",""C6"",""C18"",""C37"",""C41"",""C45"",""C47"",[1,3],true,""C79""]"
799,"[""math"",""C4"",""C18"",""C37"",""C42"",""C45"",""C47"",[2,3],false,""C79""]"
800,"[""math"",""C4"",""C18"",""C37"",""C42"",""C45"",""C47"",[2,2],false,""C79""]"
801,"[""lang"",""C83"",""C50"",""C76"",{""C64"":[],""C66"":[""4kl""],""C69"":[],""C70"":[],""C71"":[],""C72"":[]},""C73"",1]"
802,"[""lang"",""C83"",""C50"",""C76"",{""C66"":[""4kl""],""C71"":[]},""C74"",1]"
803,"[""lang"",""C83"",""C50"",""C76"",{""C62"":[],""C63"":[],""C65"":[],""C72"":[],""C69"":[],""C70"":[]},""C73"",1]"
804,"[""math"",""C6"",""C21"",""C37"",""C41"",""C45"",""C47"",[1,1],true,""C79""]"
805,"[""lang"",""C83"",""C50"",""C76"",{""C71"":[],""C72"":[],""C69"":[],""C70"":[]},""C73"",1]"
806,"[""lang"",""C83"",""C50"",""C75"",{""C85"":[],""C86"":[],""C66"":[""2kl""],""C67"":[]},""C73"",3]"
807,"[""math"",""C4"",""C18"",""C37"",""C42"",""C45"",""C47"",[3,3],false,""C79""]"
808,"[""math"",""C1"",""C8"",""C38"",""C42"",""C43"",""C47"",[1,1],false,""C79""]"
809,"[""lang"",""C83"",""C50"",""C76"",{""C85"":[],""C86"":[],""C87"":[]},""C74"",1]"
810,"[""math"",""C5"",""C18"",""C37"",""C41"",""C46"",""C47"",[1,1],false,""C79""]"
811,"[""lang"",""C83"",""C50"",""C76"",{""C62"":[],""C63"":[],""C65"":[],""C66"":[""4kl""],""C64"":[],""C71"":[],""C69"":[],""C70"":[]},""C73"",1]"
812,"[""math"",""C5"",""C27"",""C37"",""C41"",""C45"",""C47"",[1,1],false,""C79""]"
813,"[""math"",""C4"",""C18"",""C37"",""C42"",""C45"",""C47"",[4,10],false,""C79""]"
814,"[""math"",""C2"",""C12"",""C37"",""C42"",""C43"",""C47"",[1,1],false,""C79""]"
815,"[""math"",""C5"",""C18"",""C37"",""C42"",""C45"",""C47"",[1,1],false,""C79""]"
816,"[""math"",""C3"",""C15"",""C37"",""C41"",""C43"",""C47"",[1,1],false,""C79""]"
817,"[""math"",""C2"",""C14"",""C37"",""C42"",""C44"",""C47"",[1,1],false,""C79""]"
818,"[""lang"",""C83"",""C50"",""C76"",{""C62"":[],""C63"":[],""C64"":[],""C65"":[],""C66"":[""4kl""],""C69"":[],""C70"":[],""C71"":[]},""C73"",1]"
819,"[""lang"",""C83"",""C50"",""C75"",{""C85"":[],""C86"":[],""C87"":[],""C66"":[],""C67"":[],""C61"":[],""C91"":[],""C88"":[],""C89"":[],""C90"":[],""C68"":[]},""C73"",3]"
820,"[""lang"",""C83"",""C50"",""C75"",{""C68"":[],""C91"":[]},""C73"",1]"
821,"[""lang"",""C83"",""C50"",""C75"",{""C91"":[]},""C73"",1]"
822,"[""lang"",""C83"",""C50"",""C75"",{""C68"":[]},""C73"",1]"
823,"[""lang"",""C83"",""C50"",""C76"",{""C62"":[],""C63"":[],""C64"":[],""C65"":[],""C66"":[],""C68"":[],""C69"":[],""C71"":[],""C72"":[],""C92"":[]},""C73"",1]"
824,"[""lang"",""C83"",""C50"",""C76"",{""C62"":[],""C63"":[],""C64"":[],""C65"":[],""C66"":[],""C68"":[],""C69"":[],""C71"":[],""C72"":[],""C92"":[]},""C73"",3]"
825,"[""lang"",""C83"",""C50"",""C76"",{""C62"":[],""C63"":[],""C64"":[],""C65"":[],""C66"":[],""C68"":[],""C69"":[],""C71"":[],""C72"":[],""C92"":[]},""C74"",1]"
826,"[""lang"",""C83"",""C50"",""C75"",{""C61"":[]},""C73"",3]"
827,"[""math"",""C6"",""C18"",""C37"",""C42"",""C45"",""C47"",[1,3],false,""C79""]"
828,"[""lang"",""C83"",""C50"",""C75"",{""C91"":[]},""C73"",3]"
829,"[""lang"",""C83"",""C50"",""C75"",{""C61"":[],""C67"":[],""C68"":[],""C85"":[],""C88"":[],""C89"":[],""C90"":[],""C91"":[]},""C73"",3]"
830,"[""lang"",""C83"",""C50"",""C75"",{""C61"":[],""C66"":[],""C67"":[],""C68"":[],""C85"":[],""C86"":[],""C87"":[],""C88"":[],""C89"":[],""C90"":[],""C91"":[]},""C73"",1]"
831,"[""lang"",""C83"",""C50"",""C75"",{""C68"":[],""C85"":[],""C86"":[],""C87"":[],""C88"":[],""C89"":[],""C90"":[],""C91"":[]},""C73"",1]"
832,"[""lang"",""C83"",""C50"",""C76"",{""C92"":[]},""C74"",1]"
833,"[""lang"",""C83"",""C50"",""C75"",{""C68"":[],""C85"":[],""C86"":[],""C87"":[],""C88"":[],""C89"":[],""C90"":[],""C91"":[]},""C73"",3]"
834,"[""lang"",""C83"",""C50"",""C76"",{""C62"":[],""C63"":[],""C65"":[],""C92"":[],""C66"":[],""C64"":[],""C71"":[],""C68"":[],""C72"":[],""C69"":[]},""C73"",1]"
835,"[""lang"",""C83"",""C50"",""C76"",{""C62"":[],""C63"":[],""C65"":[],""C92"":[],""C66"":[],""C64"":[],""C71"":[],""C68"":[],""C72"":[],""C69"":[]},""C74"",1]"
836,"[""lang"",""C83"",""C50"",""C76"",{""C62"":[],""C63"":[],""C65"":[],""C92"":[],""C68"":[],""C69"":[]},""C73"",1]"
837,"[""lang"",""C83"",""C50"",""C76"",{""C65"":[],""C66"":[],""C68"":[],""C69"":[],""C71"":[],""C72"":[],""C92"":[]},""C73"",3]"
838,"[""lang"",""C83"",""C50"",""C75"",{""C85"":[],""C67"":[],""C61"":[],""C91"":[],""C88"":[],""C89"":[],""C90"":[],""C68"":[]},""C73"",3]"
839,"[""lang"",""C83"",""C50"",""C76"",{""C66"":[]},""C73"",1]"
840,"[""lang"",""C83"",""C50"",""C75"",{""C61"":[],""C91"":[],""C89"":[],""C90"":[],""C68"":[]},""C73"",3]"
841,"[""lang"",""C83"",""C50"",""C75"",{""C67"":[],""C61"":[],""C91"":[],""C88"":[],""C89"":[],""C90"":[],""C68"":[]},""C73"",3]"
842,"[""lang"",""C83"",""C50"",""C75"",{""C91"":[],""C68"":[]},""C73"",1]"
843,"[""lang"",""C83"",""C50"",""C76"",{""C69"":[]},""C74"",1]"
844,"[""lang"",""C83"",""C50"",""C75"",{""C68"":[]},""C73"",3]"
845,"[""lang"",""C83"",""C50"",""C76"",{""C63"":[],""C64"":[],""C66"":[]},""C74"",1]"
846,"[""lang"",""C83"",""C50"",""C76"",{""C62"":[],""C63"":[],""C65"":[],""C92"":[],""C66"":[],""C64"":[],""C71"":[],""C68"":[],""C72"":[],""C69"":[]},""C73"",3]"
847,"[""lang"",""C83"",""C50"",""C76"",{""C62"":[],""C63"":[],""C64"":[],""C65"":[],""C66"":[],""C68"":[],""C69"":[],""C71"":[],""C72"":[],""C92"":[]},""C74"",3]"
848,"[""lang"",""C83"",""C50"",""C75"",{""C89"":[]},""C73"",1]"
849,"[""lang"",""C83"",""C50"",""C75"",{""C85"":[],""C86"":[],""C87"":[],""C91"":[],""C88"":[],""C89"":[],""C90"":[],""C68"":[]},""C73"",3]"
850,"[""lang"",""C83"",""C50"",""C76"",{""C62"":[],""C63"":[],""C65"":[],""C92"":[]},""C74"",1]"
851,"[""lang"",""C83"",""C50"",""C76"",{""C64"":[],""C66"":[],""C68"":[],""C69"":[],""C72"":[]},""C74"",1]"
852,"[""math"",""C5"",""C18"",""C37"",""C41"",""C45"",""C47"",[5,7],false,""C79""]"
853,"[""lang"",""C83"",""C50"",""C76"",{""C62"":[],""C63"":[],""C65"":[],""C69"":[],""C92"":[]},""C74"",1]"
854,"[""lang"",""C83"",""C50"",""C76"",{""C69"":[]},""C73"",1]"
855,"[""lang"",""C83"",""C50"",""C76"",{""C68"":[],""C72"":[]},""C73"",3]"
856,"[""lang"",""C83"",""C50"",""C76"",{""C66"":[],""C64"":[],""C71"":[],""C68"":[],""C72"":[],""C69"":[]},""C73"",1]"
857,"[""lang"",""C83"",""C50"",""C76"",{""C64"":[],""C66"":[]},""C73"",1]"
858,"[""lang"",""C83"",""C50"",""C75"",{""C85"":[],""C88"":[],""C89"":[],""C90"":[]},""C73"",1]"
859,"[""math"",""C2"",""C12"",""C38"",""C42"",""C43"",""C47"",[1,1],false,""C79""]"
860,"[""lang"",""C83"",""C50"",""C76"",{""C63"":[]},""C74"",3]"
861,"[""lang"",""C83"",""C50"",""C75"",{""C61"":[],""C88"":[],""C89"":[],""C90"":[]},""C73"",1]"
862,"[""lang"",""C83"",""C50"",""C76"",{""C64"":[],""C66"":[],""C71"":[]},""C74"",1]"
863,"[""math"",""C6"",""C18"",""C37"",""C41"",""C45"",""C47"",[4,10],true,""C79""]"
864,"[""lang"",""C83"",""C50"",""C76"",{""C64"":[],""C66"":[],""C69"":[],""C71"":[]},""C73"",1]"
865,"[""lang"",""C83"",""C50"",""C76"",{""C65"":[],""C71"":[],""C92"":[]},""C73"",1]"
866,"[""lang"",""C83"",""C50"",""C76"",{""C68"":[]},""C73"",1]"
867,"[""lang"",""C83"",""C50"",""C76"",{""C66"":[],""C71"":[]},""C73"",1]"
868,"[""math"",""C6"",""C18"",""C37"",""C42"",""C45"",""C47"",[9,9],false,""C79""]"
869,"[""lang"",""C83"",""C50"",""C75"",{""C88"":[],""C89"":[]},""C73"",3]"
870,"[""lang"",""C83"",""C50"",""C75"",{""C61"":[]},""C73"",1]"
871,"[""lang"",""C83"",""C50"",""C75"",{""C88"":[],""C89"":[],""C90"":[]},""C73"",3]"
872,"[""lang"",""C83"",""C50"",""C75"",{""C85"":[],""C86"":[],""C87"":[],""C66"":[],""C67"":[],""C61"":[],""C91"":[],""C88"":[],""C89"":[],""C90"":[],""C68"":[]},""C73"",1]"
873,"[""lang"",""C83"",""C50"",""C75"",{""C85"":[],""C86"":[],""C87"":[],""C66"":[],""C67"":[],""C91"":[],""C68"":[]},""C73"",3]"
874,"[""math"",""C6"",""C26"",""C37"",""C41"",""C45"",""C47"",[1,1],false,""C79""]"
875,"[""lang"",""C83"",""C50"",""C75"",{""C85"":[],""C86"":[],""C66"":[],""C67"":[],""C61"":[],""C91"":[],""C88"":[],""C89"":[],""C90"":[],""C68"":[]},""C73"",1]"
876,"[""lang"",""C83"",""C50"",""C75"",{""C67"":[],""C91"":[],""C68"":[]},""C73"",1]"
877,"[""lang"",""C83"",""C50"",""C76"",{""C62"":[],""C63"":[],""C65"":[],""C92"":[],""C66"":[],""C64"":[],""C71"":[],""C68"":[],""C72"":[],""C69"":[]},""C74"",3]"
878,"[""lang"",""C83"",""C50"",""C76"",{""C62"":[],""C63"":[],""C65"":[],""C92"":[],""C68"":[],""C72"":[],""C69"":[]},""C73"",1]"
879,"[""lang"",""C83"",""C50"",""C75"",{""C61"":[],""C91"":[]},""C73"",3]"
880,"[""lang"",""C83"",""C50"",""C75"",{""C61"":[],""C66"":[],""C67"":[],""C68"":[],""C85"":[],""C86"":[],""C87"":[],""C88"":[],""C89"":[],""C90"":[],""C91"":[]},""C73"",3]"
881,"[""math"",""C5"",""C21"",""C37"",""C41"",""C45"",""C48"",[1,1],true,""C79""]"
882,"[""lang"",""C83"",""C50"",""C76"",{""C62"":[],""C63"":[],""C64"":[],""C65"":[],""C66"":[],""C71"":[],""C92"":[]},""C74"",1]"
883,"[""math"",""C2"",""C15"",""C38"",""C41"",""C44"",""C48"",[1,1],false,""C79""]"
884,"[""math"",""C5"",""C18"",""C37"",""C42"",""C45"",""C47"",[3,10],false,""C79""]"
885,"[""lang"",""C83"",""C50"",""C76"",{""C63"":[],""C66"":[]},""C74"",1]"
886,"[""lang"",""C83"",""C50"",""C76"",{""C62"":[],""C63"":[],""C64"":[],""C65"":[],""C66"":[],""C71"":[],""C92"":[]},""C73"",1]"
887,"[""lang"",""C83"",""C50"",""C76"",{""C62"":[],""C63"":[],""C65"":[],""C66"":[],""C64"":[],""C71"":[],""C68"":[],""C72"":[],""C69"":[]},""C73"",1]"
888,"[""lang"",""C83"",""C50"",""C76"",{""C62"":[],""C63"":[],""C69"":[]},""C74"",3]"
889,"[""lang"",""C83"",""C50"",""C76"",{""C64"":[],""C66"":[],""C71"":[]},""C73"",3]"
890,"[""lang"",""C83"",""C50"",""C75"",{""C66"":[],""C67"":[],""C61"":[],""C91"":[],""C88"":[],""C89"":[],""C90"":[],""C68"":[]},""C73"",3]"
891,"[""math"",""C5"",""C24"",""C37"",""C41"",""C45"",""C48"",[""1"",""1""],false,""C79""]"
892,"[""lang"",""C83"",""C50"",""C75"",{""C89"":[]},""C73"",3]"
893,"[""lang"",""C83"",""C50"",""C75"",{""C90"":[]},""C73"",3]"
894,"[""math"",""C2"",""C13"",""C38"",""C42"",""C44"",""C47"",[1,1],false,""C79""]"
895,"[""lang"",""C83"",""C50"",""C75"",{""C67"":[],""C61"":[],""C91"":[],""C68"":[]},""C73"",1]"
896,"[""lang"",""C83"",""C50"",""C75"",{""C85"":[],""C86"":[],""C87"":[],""C66"":[],""C67"":[],""C61"":[],""C91"":[],""C68"":[]},""C73"",1]"
897,"[""lang"",""C83"",""C50"",""C76"",{""C66"":[]},""C73"",3]"
898,"[""lang"",""C83"",""C50"",""C75"",{""C66"":[],""C67"":[],""C68"":[],""C85"":[],""C86"":[],""C87"":[],""C88"":[],""C89"":[],""C90"":[],""C91"":[]},""C73"",1]"
899,"[""lang"",""C83"",""C50"",""C75"",{""C68"":[],""C91"":[]},""C73"",3]"
900,"[""lang"",""C83"",""C50"",""C76"",{""C62"":[],""C63"":[],""C65"":[],""C92"":[]},""C73"",1]"
901,"[""lang"",""C83"",""C50"",""C75"",{""C66"":[],""C61"":[]},""C73"",3]"
902,"[""math"",""C6"",""C18"",""C37"",""C42"",""C45"",""C47"",[8,9],false,""C79""]"
903,"[""lang"",""C83"",""C50"",""C75"",{""C66"":[]},""C73"",3]"
904,"[""math"",""C6"",""C18"",""C37"",""C42"",""C45"",""C47"",[5,8],false,""C79""]"
905,"[""lang"",""C83"",""C50"",""C76"",{""C65"":[],""C66"":[],""C92"":[]},""C74"",1]"
906,"[""lang"",""C83"",""C50"",""C76"",{""C62"":[],""C66"":[],""C68"":[]},""C73"",1]"
907,"[""lang"",""C83"",""C50"",""C75"",{""C91"":[],""C88"":[],""C89"":[],""C90"":[]},""C73"",1]"
908,"[""lang"",""C83"",""C50"",""C75"",{""C91"":[],""C88"":[],""C89"":[],""C90"":[]},""C73"",3]"
909,"[""lang"",""C83"",""C50"",""C76"",{""C66"":[],""C64"":[],""C68"":[],""C72"":[],""C69"":[]},""C73"",1]"
910,"[""lang"",""C83"",""C50"",""C75"",{""C88"":[]},""C73"",3]"
911,"[""lang"",""C83"",""C50"",""C75"",{""C85"":[],""C86"":[],""C87"":[],""C66"":[],""C68"":[]},""C73"",3]"
912,"[""lang"",""C83"",""C50"",""C75"",{""C85"":[],""C86"":[],""C87"":[],""C66"":[],""C61"":[],""C88"":[],""C89"":[],""C90"":[]},""C73"",3]"
913,"[""lang"",""C83"",""C50"",""C75"",{""C85"":[],""C86"":[],""C61"":[],""C91"":[]},""C73"",3]"
914,"[""lang"",""C83"",""C50"",""C76"",{""C62"":[],""C63"":[],""C65"":[],""C92"":[],""C66"":[],""C64"":[]},""C73"",1]"
915,"[""lang"",""C49"",""C52"",""C80"",""C82"",""C75"",""C60""]"
916,"[""lang"",""C83"",""C50"",""C75"",{""C85"":[],""C86"":[],""C87"":[],""C66"":[],""C67"":[],""C68"":[]},""C73"",3]"
917,"[""lang"",""C83"",""C50"",""C75"",{""C85"":[],""C86"":[],""C61"":[]},""C73"",3]"
